id,price
51636,349101
51637,282163
51638,287861
51639,288871
51640,233988
51641,691416
51642,364822
51643,311524
51644,496991
51645,588937
51646,504167
51647,724342
51648,694083
51649,368990
51650,211913
51651,455415
51652,264901
51653,419559
51654,354591
51655,353860
51656,267946
51657,641123
51658,289821
51659,676965
51660,788407
51661,527164
51662,698624
51663,572441
51664,541769
51665,240017
51666,223770
51667,107307
51668,-71961
51669,600340
51670,399860
51671,775974
51672,777627
51673,-14416
51674,561662
51675,805070
51676,695157
51677,713602
51678,400491
51679,656408
51680,333332
51681,164730
51682,352398
51683,369738
51684,284215
51685,173691
51686,226462
51687,336506
51688,338107
51689,836096
51690,282304
51691,642404
51692,817055
51693,549502
51694,228704
51695,766257
51696,213601
51697,239696
51698,587225
51699,428207
51700,272098
51701,614392
51702,54887
51703,811866
51704,358911
51705,224117
51706,210465
51707,245273
51708,569762
51709,339094
51710,209995
51711,296012
51712,813632
51713,348864
51714,152672
51715,773806
51716,626493
51717,216296
51718,39105
51719,402363
51720,685334
51721,274998
51722,751614
51723,665111
51724,679289
51725,229246
51726,465126
51727,640349
51728,330398
51729,722010
51730,569798
51731,193339
51732,620571
51733,659652
51734,265075
51735,785481
51736,4833
51737,444405
51738,381112
51739,654271
51740,779761
51741,566062
51742,841629
51743,303957
51744,623298
51745,506801
51746,262430
51747,541530
51748,385114
51749,654464
51750,333249
51751,180060
51752,735709
51753,331707
51754,641146
51755,212878
51756,678010
51757,281659
51758,281304
51759,153069
51760,847692
51761,223789
51762,198778
51763,825365
51764,716382
51765,680678
51766,795143
51767,168448
51768,202934
51769,818321
51770,285513
51771,735882
51772,181968
51773,520766
51774,312832
51775,899870
51776,570978
51777,246161
51778,107779
51779,627468
51780,64464
51781,716124
51782,554270
51783,695666
51784,640357
51785,740155
51786,193972
51787,791623
51788,270046
51789,319855
51790,632982
51791,697749
51792,631218
51793,241842
51794,612301
51795,135139
51796,234254
51797,711715
51798,203825
51799,589660
51800,789336
51801,527733
51802,172668
51803,618678
51804,195436
51805,784413
51806,242182
51807,269588
51808,357794
51809,629557
51810,351166
51811,383944
51812,91639
51813,372272
51814,268814
51815,656758
51816,766369
51817,433510
51818,254644
51819,700754
51820,473229
51821,48650
51822,291822
51823,173843
51824,802055
51825,297432
51826,402606
51827,691344
51828,380675
51829,331876
51830,654072
51831,754179
51832,361814
51833,583098
51834,272394
51835,487582
51836,843488
51837,679516
51838,639837
51839,84052
51840,469817
51841,274695
51842,681054
51843,718473
51844,622926
51845,45134
51846,603294
51847,914589
51848,415103
51849,689344
51850,409238
51851,689828
51852,233168
51853,974120
51854,236924
51855,316166
51856,590160
51857,101224
51858,337545
51859,879205
51860,484766
51861,461004
51862,275531
51863,346078
51864,328976
51865,722572
51866,50620
51867,256551
51868,461096
51869,224436
51870,422930
51871,275820
51872,179522
51873,704877
51874,425208
51875,245510
51876,258852
51877,244273
51878,181255
51879,482566
51880,474045
51881,271881
51882,908495
51883,715081
51884,647505
51885,80524
51886,607226
51887,681304
51888,147861
51889,374002
51890,279809
51891,358093
51892,724602
51893,665587
51894,713683
51895,612528
51896,189709
51897,744708
51898,737850
51899,816541
51900,877020
51901,365651
51902,445226
51903,770709
51904,709880
51905,321833
51906,371791
51907,236403
51908,793954
51909,278733
51910,197102
51911,718046
51912,553262
51913,134192
51914,579600
51915,306545
51916,158667
51917,549984
51918,318467
51919,860492
51920,754328
51921,-116148
51922,607340
51923,338482
51924,249997
51925,348900
51926,238163
51927,598286
51928,663344
51929,735809
51930,268721
51931,-47766
51932,252064
51933,883219
51934,805448
51935,653024
51936,590286
51937,466902
51938,531791
51939,711180
51940,584546
51941,545404
51942,691916
51943,786067
51944,323971
51945,807069
51946,331542
51947,713638
51948,824893
51949,-18873
51950,676957
51951,206177
51952,268032
51953,699784
51954,145734
51955,846803
51956,534380
51957,358860
51958,410286
51959,796037
51960,109262
51961,727786
51962,266045
51963,202592
51964,19369
51965,608478
51966,454398
51967,383141
51968,510949
51969,254182
51970,404757
51971,689109
51972,531303
51973,273950
51974,277532
51975,312180
51976,797634
51977,383995
51978,168596
51979,723727
51980,284477
51981,710566
51982,480344
51983,430048
51984,567536
51985,610750
51986,-12705
51987,747187
51988,683683
51989,342375
51990,281558
51991,672834
51992,336469
51993,625003
51994,606366
51995,418414
51996,736561
51997,47030
51998,185765
51999,382763
52000,714125
52001,394314
52002,-33434
52003,351044
52004,222474
52005,544289
52006,584791
52007,249903
52008,348697
52009,552811
52010,349013
52011,747041
52012,712050
52013,786035
52014,230158
52015,453717
52016,530817
52017,272913
52018,337032
52019,177757
52020,628363
52021,355016
52022,220670
52023,180692
52024,329698
52025,247470
52026,442564
52027,426076
52028,471098
52029,-24742
52030,276045
52031,398572
52032,296222
52033,359393
52034,679713
52035,406728
52036,379470
52037,359348
52038,316868
52039,360616
52040,577560
52041,618779
52042,204643
52043,720800
52044,826751
52045,556138
52046,526245
52047,94435
52048,829823
52049,702294
52050,758074
52051,734163
52052,434459
52053,121405
52054,282022
52055,380761
52056,89707
52057,266912
52058,745844
52059,91702
52060,184296
52061,711650
52062,722091
52063,146327
52064,232180
52065,598791
52066,790664
52067,664330
52068,629360
52069,445982
52070,314339
52071,449584
52072,813184
52073,213045
52074,587408
52075,437232
52076,187976
52077,89680
52078,290826
52079,249644
52080,336376
52081,47195
52082,247059
52083,570355
52084,-65714
52085,572480
52086,699648
52087,398407
52088,963907
52089,374535
52090,920574
52091,712775
52092,74938
52093,493322
52094,651189
52095,576505
52096,694504
52097,17350
52098,246528
52099,421229
52100,247525
52101,645251
52102,278151
52103,616590
52104,-38718
52105,303536
52106,844321
52107,136731
52108,668103
52109,234734
52110,511218
52111,362512
52112,-33865
52113,806414
52114,720756
52115,63628
52116,649161
52117,694112
52118,716815
52119,133517
52120,226021
52121,648165
52122,614055
52123,263729
52124,312683
52125,440991
52126,386988
52127,37844
52128,355338
52129,686334
52130,94750
52131,285671
52132,217006
52133,690968
52134,265358
52135,85039
52136,353744
52137,409055
52138,668262
52139,249264
52140,72499
52141,274838
52142,172810
52143,138162
52144,545466
52145,188076
52146,638098
52147,364797
52148,592748
52149,-66405
52150,602650
52151,920563
52152,688628
52153,721570
52154,224664
52155,190772
52156,564402
52157,211894
52158,750450
52159,650623
52160,471656
52161,390242
52162,270047
52163,385151
52164,399891
52165,623131
52166,285418
52167,362027
52168,573122
52169,844392
52170,551648
52171,138147
52172,376254
52173,265320
52174,275452
52175,470927
52176,636733
52177,163764
52178,748975
52179,982561
52180,779181
52181,764746
52182,331888
52183,808742
52184,652631
52185,169703
52186,674543
52187,343096
52188,126596
52189,16360
52190,270699
52191,585879
52192,637594
52193,382951
52194,453341
52195,708310
52196,378474
52197,227454
52198,261685
52199,550917
52200,178428
52201,199875
52202,828861
52203,181919
52204,249905
52205,432921
52206,721059
52207,96831
52208,771136
52209,753784
52210,408703
52211,340301
52212,556820
52213,215703
52214,177102
52215,389108
52216,64008
52217,213495
52218,528746
52219,380569
52220,327160
52221,889773
52222,397437
52223,245925
52224,237870
52225,364609
52226,724907
52227,339144
52228,771250
52229,302678
52230,706411
52231,685967
52232,600674
52233,156293
52234,633364
52235,82870
52236,525128
52237,419073
52238,217765
52239,283361
52240,652524
52241,64462
52242,756861
52243,416415
52244,8195
52245,678389
52246,217113
52247,533376
52248,728850
52249,324676
52250,382007
52251,702347
52252,468630
52253,34651
52254,232289
52255,770260
52256,178133
52257,160524
52258,557918
52259,231875
52260,801904
52261,365559
52262,710261
52263,230697
52264,321990
52265,686397
52266,43043
52267,215223
52268,398
52269,835370
52270,275131
52271,816204
52272,510637
52273,241979
52274,138833
52275,537541
52276,866839
52277,713018
52278,769571
52279,848368
52280,580240
52281,396999
52282,66251
52283,277325
52284,541500
52285,875970
52286,302047
52287,240990
52288,311549
52289,617251
52290,451572
52291,304082
52292,278066
52293,303946
52294,493494
52295,738379
52296,454620
52297,452687
52298,799950
52299,114856
52300,207035
52301,704401
52302,357786
52303,580011
52304,7307
52305,728234
52306,630045
52307,379435
52308,586545
52309,360395
52310,851464
52311,609085
52312,-79561
52313,156045
52314,583658
52315,763261
52316,213504
52317,93780
52318,928466
52319,174376
52320,452550
52321,606016
52322,240073
52323,133015
52324,542449
52325,376755
52326,601194
52327,270614
52328,472104
52329,322675
52330,434023
52331,653135
52332,416115
52333,289353
52334,782872
52335,312889
52336,122122
52337,573391
52338,750251
52339,153303
52340,207082
52341,27023
52342,267564
52343,465529
52344,562545
52345,232828
52346,375372
52347,779884
52348,653116
52349,24872
52350,497733
52351,237576
52352,500142
52353,348546
52354,258425
52355,345700
52356,217984
52357,541223
52358,615946
52359,662067
52360,342359
52361,404364
52362,592854
52363,821972
52364,466805
52365,439670
52366,471263
52367,913331
52368,740372
52369,341760
52370,-259391
52371,209971
52372,782372
52373,27961
52374,818986
52375,780259
52376,419511
52377,781435
52378,475350
52379,427451
52380,161091
52381,847130
52382,318964
52383,333741
52384,747416
52385,452871
52386,641902
52387,713559
52388,462724
52389,222368
52390,-182819
52391,422186
52392,149243
52393,513925
52394,174053
52395,705908
52396,198740
52397,738700
52398,707729
52399,410704
52400,296199
52401,637133
52402,665218
52403,979967
52404,321401
52405,567410
52406,499064
52407,287699
52408,-92092
52409,5745
52410,406759
52411,605051
52412,405865
52413,382609
52414,575730
52415,368708
52416,350447
52417,334230
52418,192040
52419,656598
52420,641726
52421,742106
52422,384919
52423,711036
52424,337438
52425,160818
52426,680722
52427,774473
52428,430264
52429,754488
52430,391514
52431,907972
52432,603582
52433,790889
52434,723030
52435,298222
52436,621352
52437,613923
52438,222524
52439,296319
52440,232356
52441,558577
52442,419385
52443,733491
52444,323951
52445,586991
52446,727708
52447,187014
52448,107842
52449,230396
52450,352857
52451,715451
52452,879559
52453,6803
52454,566214
52455,369661
52456,647267
52457,782015
52458,640953
52459,705825
52460,212939
52461,574900
52462,520438
52463,720473
52464,674015
52465,554560
52466,731187
52467,339502
52468,638422
52469,441903
52470,807428
52471,846057
52472,750031
52473,363436
52474,621380
52475,179860
52476,284434
52477,-16335
52478,736420
52479,612074
52480,565531
52481,773239
52482,107472
52483,137340
52484,791719
52485,267655
52486,432164
52487,34171
52488,632730
52489,555757
52490,694403
52491,260868
52492,-34931
52493,540191
52494,477745
52495,751299
52496,814372
52497,222276
52498,-36133
52499,539725
52500,418474
52501,567579
52502,463534
52503,235676
52504,644406
52505,330823
52506,438758
52507,763569
52508,964452
52509,790270
52510,456941
52511,338843
52512,446516
52513,436496
52514,137466
52515,759646
52516,510676
52517,558883
52518,776318
52519,618760
52520,307633
52521,183609
52522,446442
52523,340392
52524,285051
52525,573026
52526,608716
52527,217630
52528,380115
52529,215370
52530,722642
52531,160453
52532,165217
52533,209016
52534,396085
52535,660525
52536,417501
52537,436394
52538,276898
52539,749013
52540,290776
52541,310676
52542,608773
52543,813886
52544,603768
52545,717809
52546,204119
52547,302769
52548,575839
52549,615627
52550,363414
52551,899566
52552,509912
52553,-129828
52554,717625
52555,562408
52556,591546
52557,488891
52558,55015
52559,581165
52560,608611
52561,194534
52562,762332
52563,756970
52564,232863
52565,439227
52566,614428
52567,393031
52568,710648
52569,483943
52570,340982
52571,14900
52572,501368
52573,744959
52574,455466
52575,735261
52576,-27637
52577,704920
52578,289625
52579,353280
52580,909494
52581,325282
52582,5532
52583,240099
52584,86592
52585,673319
52586,577618
52587,291502
52588,649376
52589,243858
52590,371014
52591,11233
52592,688358
52593,157877
52594,265534
52595,727491
52596,443268
52597,257932
52598,340661
52599,342048
52600,232808
52601,692051
52602,314519
52603,298256
52604,587616
52605,777666
52606,342156
52607,495905
52608,617886
52609,653410
52610,481825
52611,362723
52612,220854
52613,578094
52614,109254
52615,597796
52616,205934
52617,661482
52618,335690
52619,560434
52620,372746
52621,545222
52622,287672
52623,805041
52624,753991
52625,787485
52626,423206
52627,451273
52628,639251
52629,434243
52630,352026
52631,-110890
52632,633998
52633,223402
52634,757525
52635,477265
52636,169227
52637,475021
52638,431227
52639,400674
52640,636558
52641,500130
52642,725668
52643,675462
52644,312559
52645,432292
52646,460565
52647,166560
52648,329929
52649,32800
52650,448609
52651,507304
52652,219780
52653,512019
52654,651546
52655,423827
52656,185013
52657,347856
52658,872098
52659,733517
52660,178930
52661,680225
52662,671329
52663,188807
52664,312224
52665,404705
52666,502744
52667,674202
52668,659566
52669,318734
52670,806578
52671,536769
52672,688664
52673,75984
52674,476744
52675,128435
52676,460288
52677,207034
52678,89102
52679,653713
52680,80549
52681,698733
52682,622540
52683,310565
52684,164374
52685,632371
52686,602401
52687,533978
52688,856502
52689,328789
52690,397835
52691,655872
52692,801960
52693,264647
52694,798214
52695,241827
52696,882485
52697,466597
52698,369745
52699,-175704
52700,392784
52701,465715
52702,51475
52703,370010
52704,494608
52705,392837
52706,207559
52707,387892
52708,449765
52709,298532
52710,352163
52711,442428
52712,787572
52713,50162
52714,660025
52715,187032
52716,644384
52717,519569
52718,772131
52719,440205
52720,290973
52721,656814
52722,323108
52723,747360
52724,699188
52725,562024
52726,336674
52727,837142
52728,-71150
52729,813499
52730,-136829
52731,762034
52732,348700
52733,367015
52734,272639
52735,661623
52736,185021
52737,-58976
52738,439933
52739,516671
52740,152633
52741,592480
52742,269731
52743,753971
52744,905082
52745,850186
52746,729425
52747,792147
52748,592897
52749,688228
52750,633566
52751,802921
52752,627060
52753,796153
52754,459923
52755,291236
52756,195452
52757,572007
52758,510599
52759,821436
52760,570198
52761,720620
52762,254521
52763,407203
52764,408275
52765,692493
52766,846531
52767,658383
52768,531334
52769,614032
52770,689103
52771,322923
52772,169366
52773,370647
52774,598995
52775,752110
52776,637557
52777,236388
52778,718816
52779,102972
52780,445620
52781,795337
52782,474653
52783,112379
52784,655233
52785,831845
52786,415343
52787,847101
52788,240793
52789,747129
52790,538278
52791,89125
52792,776605
52793,270694
52794,686007
52795,102888
52796,297296
52797,768138
52798,395260
52799,375922
52800,821021
52801,771518
52802,219684
52803,561298
52804,309532
52805,399403
52806,339459
52807,823448
52808,293861
52809,656577
52810,882553
52811,607979
52812,604861
52813,834584
52814,780670
52815,458930
52816,697690
52817,788782
52818,827297
52819,411025
52820,314666
52821,518403
52822,775092
52823,705559
52824,527952
52825,644595
52826,292426
52827,41137
52828,230603
52829,464825
52830,787710
52831,607377
52832,627339
52833,520703
52834,447053
52835,477533
52836,80576
52837,702413
52838,941727
52839,239658
52840,800490
52841,335455
52842,177548
52843,564942
52844,197803
52845,735557
52846,663580
52847,389347
52848,699541
52849,727470
52850,824451
52851,14309
52852,535562
52853,607239
52854,828567
52855,260623
52856,516695
52857,344822
52858,531833
52859,563001
52860,319953
52861,166378
52862,764787
52863,396848
52864,840646
52865,688996
52866,481718
52867,778469
52868,410913
52869,531245
52870,435017
52871,862378
52872,270002
52873,184578
52874,685886
52875,349863
52876,-34205
52877,743337
52878,740235
52879,367962
52880,190574
52881,104049
52882,514581
52883,181304
52884,751320
52885,684494
52886,83204
52887,86162
52888,702776
52889,805625
52890,199437
52891,591807
52892,53638
52893,369449
52894,293531
52895,395062
52896,807114
52897,236190
52898,187026
52899,314166
52900,373167
52901,701968
52902,120844
52903,389920
52904,118093
52905,390305
52906,745347
52907,636622
52908,192934
52909,284742
52910,221759
52911,146579
52912,547212
52913,330552
52914,411154
52915,651347
52916,789331
52917,565197
52918,681316
52919,664007
52920,868962
52921,587063
52922,858877
52923,586962
52924,698749
52925,780165
52926,243804
52927,734229
52928,799940
52929,616536
52930,319405
52931,551329
52932,499196
52933,-34875
52934,232015
52935,201207
52936,508702
52937,350173
52938,266783
52939,185828
52940,362311
52941,524439
52942,574849
52943,540845
52944,677233
52945,547646
52946,118951
52947,307507
52948,408197
52949,308534
52950,677444
52951,374474
52952,816438
52953,187562
52954,327998
52955,700620
52956,359389
52957,715023
52958,530977
52959,258732
52960,815000
52961,826463
52962,316386
52963,558989
52964,607346
52965,613249
52966,154988
52967,267066
52968,205609
52969,368831
52970,316298
52971,552307
52972,125547
52973,488703
52974,782288
52975,758191
52976,298877
52977,817462
52978,497669
52979,294228
52980,210336
52981,597062
52982,267758
52983,344765
52984,121945
52985,271677
52986,193026
52987,479532
52988,576397
52989,355345
52990,235468
52991,931654
52992,759827
52993,385311
52994,164136
52995,176398
52996,171189
52997,539809
52998,569077
52999,640959
53000,604787
53001,711767
53002,811535
53003,281062
53004,433514
53005,176014
53006,730898
53007,588110
53008,391696
53009,648630
53010,719617
53011,700326
53012,71911
53013,425611
53014,751218
53015,278181
53016,639696
53017,595716
53018,674599
53019,657596
53020,640866
53021,276089
53022,211555
53023,334507
53024,599210
53025,275176
53026,87118
53027,106211
53028,25524
53029,677418
53030,775299
53031,258263
53032,412208
53033,231763
53034,620705
53035,445314
53036,347556
53037,200838
53038,248642
53039,309901
53040,649364
53041,253747
53042,562130
53043,644821
53044,102879
53045,697775
53046,399687
53047,537820
53048,190294
53049,478061
53050,471961
53051,103875
53052,-239105
53053,400188
53054,260780
53055,764465
53056,488627
53057,768132
53058,566024
53059,322426
53060,560900
53061,783975
53062,425212
53063,628321
53064,252312
53065,257551
53066,441107
53067,611349
53068,302535
53069,215511
53070,751879
53071,601064
53072,-93426
53073,840856
53074,445179
53075,668114
53076,704012
53077,720732
53078,-8789
53079,790166
53080,580246
53081,364148
53082,724526
53083,591512
53084,109777
53085,463083
53086,710765
53087,846189
53088,338133
53089,873853
53090,267776
53091,122293
53092,242804
53093,719528
53094,754499
53095,522746
53096,631623
53097,656531
53098,817785
53099,256971
53100,752370
53101,446745
53102,673156
53103,617752
53104,897238
53105,655646
53106,843532
53107,715595
53108,256388
53109,203751
53110,768217
53111,460474
53112,116175
53113,285295
53114,758315
53115,241092
53116,727962
53117,274969
53118,185780
53119,263471
53120,382360
53121,290577
53122,389129
53123,731564
53124,49960
53125,838507
53126,288784
53127,283913
53128,328361
53129,827242
53130,434196
53131,575473
53132,485496
53133,240206
53134,914439
53135,430808
53136,404589
53137,626530
53138,333049
53139,259951
53140,208332
53141,517615
53142,581265
53143,198639
53144,302559
53145,667159
53146,-11756
53147,295197
53148,510180
53149,322694
53150,689202
53151,766079
53152,371309
53153,616733
53154,125564
53155,641707
53156,742318
53157,88731
53158,255759
53159,315212
53160,296432
53161,361253
53162,1017614
53163,792886
53164,698535
53165,776274
53166,183814
53167,350293
53168,275610
53169,698207
53170,847690
53171,472529
53172,371412
53173,101148
53174,224875
53175,733351
53176,100315
53177,232398
53178,208127
53179,863962
53180,404277
53181,42112
53182,410424
53183,303441
53184,542113
53185,531824
53186,215290
53187,197797
53188,414014
53189,614778
53190,572882
53191,328978
53192,112315
53193,129234
53194,455534
53195,345656
53196,273773
53197,319679
53198,671706
53199,273203
53200,450576
53201,761024
53202,398589
53203,437929
53204,310901
53205,159048
53206,331233
53207,241474
53208,348241
53209,654527
53210,125767
53211,531808
53212,313660
53213,216863
53214,783808
53215,106061
53216,170557
53217,864805
53218,201779
53219,400167
53220,226700
53221,294095
53222,403243
53223,261784
53224,330833
53225,690847
53226,568736
53227,771889
53228,654823
53229,745737
53230,552796
53231,702316
53232,413029
53233,425148
53234,175076
53235,325184
53236,738968
53237,329291
53238,203866
53239,467453
53240,429285
53241,274865
53242,167806
53243,714756
53244,676043
53245,649684
53246,655376
53247,757618
53248,474215
53249,787409
53250,70161
53251,853746
53252,271186
53253,341348
53254,786376
53255,172176
53256,184518
53257,436801
53258,498071
53259,600067
53260,678471
53261,598785
53262,263780
53263,519094
53264,99321
53265,741527
53266,390474
53267,12802
53268,848910
53269,647892
53270,624558
53271,222515
53272,421200
53273,722746
53274,641389
53275,867781
53276,701232
53277,686181
53278,672284
53279,258207
53280,522130
53281,702748
53282,438216
53283,332682
53284,455881
53285,151487
53286,415057
53287,693701
53288,604233
53289,100267
53290,774832
53291,686092
53292,182981
53293,109058
53294,701338
53295,187946
53296,300519
53297,612902
53298,320043
53299,149938
53300,-45792
53301,645008
53302,516835
53303,581738
53304,654403
53305,32657
53306,913917
53307,16674
53308,557529
53309,707307
53310,451753
53311,849434
53312,217509
53313,-83539
53314,-19582
53315,408144
53316,195789
53317,222552
53318,525488
53319,898145
53320,600144
53321,300392
53322,345329
53323,224021
53324,-98284
53325,79808
53326,763845
53327,532575
53328,186524
53329,486550
53330,939873
53331,62082
53332,131647
53333,395045
53334,701736
53335,972970
53336,633885
53337,315499
53338,282905
53339,477023
53340,414825
53341,864943
53342,493363
53343,210748
53344,231870
53345,696443
53346,-18722
53347,670731
53348,223379
53349,389186
53350,389181
53351,397351
53352,717266
53353,309911
53354,650408
53355,379223
53356,230983
53357,225708
53358,876739
53359,286181
53360,299464
53361,528488
53362,438366
53363,700527
53364,646300
53365,349581
53366,-16163
53367,502563
53368,884936
53369,-75203
53370,712549
53371,717383
53372,199788
53373,724255
53374,654811
53375,525660
53376,287979
53377,467400
53378,497347
53379,247805
53380,661365
53381,454768
53382,453594
53383,479212
53384,614830
53385,287068
53386,634609
53387,390258
53388,458700
53389,372465
53390,579387
53391,680146
53392,448338
53393,336963
53394,657404
53395,508394
53396,408421
53397,282284
53398,707975
53399,462504
53400,129342
53401,305602
53402,458931
53403,719501
53404,205581
53405,336754
53406,342371
53407,145279
53408,291767
53409,102809
53410,630202
53411,824764
53412,225142
53413,822347
53414,295748
53415,922314
53416,848370
53417,385216
53418,342406
53419,845075
53420,111307
53421,716365
53422,702815
53423,521994
53424,769882
53425,394366
53426,213603
53427,963050
53428,568035
53429,710204
53430,104200
53431,548814
53432,284089
53433,444271
53434,345889
53435,443652
53436,472984
53437,457004
53438,804604
53439,285698
53440,627721
53441,508615
53442,309198
53443,342744
53444,299674
53445,216180
53446,415145
53447,269180
53448,686500
53449,437868
53450,258893
53451,552516
53452,506565
53453,799412
53454,556669
53455,202944
53456,690027
53457,574193
53458,234196
53459,342738
53460,551495
53461,708085
53462,101692
53463,265399
53464,564355
53465,374483
53466,414832
53467,647494
53468,448627
53469,253838
53470,239745
53471,693744
53472,838330
53473,527494
53474,622952
53475,704412
53476,606176
53477,963557
53478,386074
53479,476384
53480,267098
53481,243445
53482,534224
53483,722142
53484,560674
53485,290150
53486,481519
53487,528837
53488,939603
53489,353427
53490,715275
53491,379852
53492,454265
53493,788860
53494,724567
53495,454197
53496,961385
53497,741240
53498,188348
53499,280984
53500,628536
53501,789294
53502,228209
53503,835359
53504,741978
53505,866438
53506,195274
53507,648531
53508,375286
53509,324934
53510,590778
53511,509566
53512,256674
53513,148402
53514,384468
53515,-152223
53516,713017
53517,624969
53518,564140
53519,789222
53520,821476
53521,725273
53522,815110
53523,718203
53524,618501
53525,333192
53526,646822
53527,454424
53528,-177249
53529,441283
53530,663251
53531,845902
53532,297759
53533,113652
53534,865557
53535,-10938
53536,269380
53537,750036
53538,772284
53539,506503
53540,118765
53541,688828
53542,318304
53543,90611
53544,504107
53545,541655
53546,398311
53547,212901
53548,539239
53549,880004
53550,717347
53551,309702
53552,461764
53553,689939
53554,306860
53555,175376
53556,309239
53557,322459
53558,264783
53559,324550
53560,747960
53561,740852
53562,198811
53563,613871
53564,511381
53565,856034
53566,739965
53567,354710
53568,109171
53569,707965
53570,447540
53571,791841
53572,217296
53573,147697
53574,389214
53575,425252
53576,562205
53577,770019
53578,759211
53579,143684
53580,218672
53581,841520
53582,857233
53583,201282
53584,524404
53585,288865
53586,353718
53587,803778
53588,168747
53589,541
53590,377252
53591,276697
53592,708569
53593,564465
53594,649750
53595,635525
53596,554028
53597,845958
53598,199676
53599,278813
53600,344230
53601,434303
53602,647687
53603,-98003
53604,290066
53605,725866
53606,290769
53607,660675
53608,420875
53609,311954
53610,763909
53611,-108066
53612,295578
53613,858214
53614,802546
53615,372312
53616,227623
53617,428170
53618,690957
53619,636158
53620,661457
53621,920276
53622,399045
53623,609342
53624,305822
53625,296421
53626,269186
53627,490989
53628,809456
53629,738820
53630,278045
53631,588240
53632,737960
53633,207419
53634,726530
53635,842963
53636,766477
53637,587196
53638,631780
53639,295881
53640,320888
53641,308489
53642,435552
53643,631301
53644,554044
53645,326876
53646,-81556
53647,661076
53648,370187
53649,134864
53650,843170
53651,691265
53652,152383
53653,4882
53654,643273
53655,805336
53656,283701
53657,394743
53658,267861
53659,-126102
53660,297206
53661,761686
53662,295973
53663,767859
53664,-39555
53665,547791
53666,343744
53667,517866
53668,19670
53669,363652
53670,-70964
53671,595223
53672,617818
53673,762902
53674,236691
53675,46104
53676,468856
53677,246763
53678,815343
53679,704717
53680,537593
53681,6742
53682,438045
53683,467642
53684,308255
53685,853288
53686,699966
53687,604385
53688,788625
53689,683243
53690,457251
53691,656188
53692,300722
53693,790134
53694,203606
53695,712655
53696,159900
53697,511368
53698,373448
53699,798760
53700,646755
53701,146502
53702,397462
53703,540613
53704,732500
53705,756075
53706,616736
53707,815488
53708,158152
53709,559961
53710,206508
53711,556032
53712,87263
53713,613954
53714,230513
53715,304980
53716,421227
53717,463571
53718,346042
53719,789634
53720,142582
53721,691041
53722,1556
53723,674088
53724,161679
53725,268473
53726,717534
53727,603813
53728,599052
53729,48946
53730,369136
53731,796716
53732,76027
53733,6761
53734,282774
53735,578670
53736,564498
53737,76688
53738,678148
53739,405891
53740,791344
53741,250491
53742,254377
53743,380463
53744,225042
53745,418278
53746,349118
53747,322515
53748,730474
53749,-98189
53750,316130
53751,415373
53752,522283
53753,901357
53754,718221
53755,168890
53756,543072
53757,576923
53758,516800
53759,410378
53760,746540
53761,286284
53762,812112
53763,-156297
53764,572979
53765,675888
53766,236938
53767,246652
53768,379537
53769,279615
53770,324267
53771,488131
53772,178629
53773,148292
53774,813873
53775,771967
53776,45316
53777,695013
53778,741852
53779,141618
53780,801170
53781,375683
53782,786725
53783,414835
53784,139435
53785,508613
53786,373802
53787,697922
53788,344965
53789,525166
53790,267718
53791,606728
53792,898606
53793,143481
53794,685322
53795,499795
53796,349542
53797,844618
53798,432060
53799,288049
53800,397729
53801,738017
53802,613453
53803,467410
53804,222015
53805,405862
53806,423554
53807,-109450
53808,-26691
53809,820765
53810,836804
53811,673017
53812,644964
53813,473286
53814,460228
53815,749400
53816,608112
53817,326038
53818,50171
53819,628916
53820,650015
53821,593364
53822,-67400
53823,390795
53824,629966
53825,714179
53826,795029
53827,598504
53828,420274
53829,177468
53830,675540
53831,535542
53832,275027
53833,357350
53834,327625
53835,261616
53836,240372
53837,316337
53838,232547
53839,173485
53840,802125
53841,654075
53842,274059
53843,78255
53844,553213
53845,756162
53846,574137
53847,663811
53848,787482
53849,746430
53850,745060
53851,96987
53852,392912
53853,293176
53854,724925
53855,465027
53856,413539
53857,833185
53858,27017
53859,452696
53860,553347
53861,696986
53862,-6279
53863,288493
53864,432540
53865,636944
53866,863840
53867,400376
53868,659390
53869,118247
53870,524503
53871,281269
53872,809199
53873,903039
53874,460239
53875,-191303
53876,689868
53877,471682
53878,780656
53879,681152
53880,636820
53881,248751
53882,767314
53883,860696
53884,484199
53885,879053
53886,676732
53887,350529
53888,26578
53889,761678
53890,74607
53891,356359
53892,772515
53893,359270
53894,-22479
53895,182850
53896,642040
53897,100352
53898,323339
53899,229865
53900,690478
53901,121296
53902,235701
53903,251262
53904,710576
53905,629899
53906,239562
53907,19294
53908,247042
53909,638813
53910,838778
53911,576316
53912,838137
53913,177786
53914,407648
53915,677484
53916,270921
53917,573709
53918,761986
53919,337987
53920,384272
53921,925013
53922,270070
53923,294891
53924,539582
53925,657051
53926,389814
53927,788625
53928,157607
53929,374333
53930,300276
53931,689310
53932,-32014
53933,695778
53934,459892
53935,104162
53936,338205
53937,262495
53938,450464
53939,452511
53940,642805
53941,368632
53942,879397
53943,202558
53944,242838
53945,477340
53946,414555
53947,382323
53948,330713
53949,303733
53950,126012
53951,385177
53952,374485
53953,800892
53954,711957
53955,739560
53956,357554
53957,718949
53958,199330
53959,842630
53960,363462
53961,193048
53962,489537
53963,771300
53964,587970
53965,534967
53966,376137
53967,699959
53968,388874
53969,274269
53970,445554
53971,540833
53972,721145
53973,442296
53974,917390
53975,559756
53976,401104
53977,558569
53978,310747
53979,260006
53980,359030
53981,-117158
53982,979182
53983,497535
53984,731614
53985,201303
53986,683994
53987,774534
53988,168795
53989,299289
53990,546439
53991,474575
53992,192287
53993,307198
53994,835926
53995,595751
53996,204768
53997,396086
53998,242386
53999,674917
54000,40136
54001,658327
54002,766570
54003,557771
54004,657747
54005,83602
54006,-237198
54007,328890
54008,469618
54009,730933
54010,455758
54011,153643
54012,257225
54013,473862
54014,725308
54015,954440
54016,507273
54017,192128
54018,149377
54019,291843
54020,668134
54021,346361
54022,334338
54023,804851
54024,452212
54025,320374
54026,554737
54027,390860
54028,372964
54029,-125978
54030,601557
54031,296690
54032,-103790
54033,225765
54034,653310
54035,630374
54036,519053
54037,536705
54038,-60039
54039,603087
54040,429726
54041,230053
54042,682986
54043,609467
54044,505221
54045,568735
54046,544642
54047,237105
54048,740575
54049,758117
54050,474913
54051,749112
54052,370606
54053,745134
54054,783614
54055,243468
54056,766440
54057,185567
54058,338364
54059,434121
54060,347815
54061,406478
54062,823263
54063,829185
54064,250878
54065,366761
54066,164039
54067,632580
54068,379949
54069,334811
54070,543403
54071,790625
54072,662118
54073,414274
54074,123515
54075,688473
54076,724150
54077,301748
54078,314100
54079,188085
54080,649430
54081,281409
54082,694781
54083,644060
54084,375465
54085,871990
54086,318620
54087,634373
54088,622572
54089,270147
54090,688931
54091,258603
54092,461681
54093,776133
54094,856647
54095,247076
54096,847228
54097,370328
54098,550500
54099,789380
54100,508008
54101,752023
54102,609584
54103,-13802
54104,4389
54105,760791
54106,371389
54107,236285
54108,-164041
54109,225344
54110,577836
54111,377759
54112,636188
54113,591304
54114,425520
54115,674292
54116,842427
54117,780897
54118,104512
54119,455798
54120,557137
54121,412841
54122,-6647
54123,-10653
54124,218492
54125,193495
54126,671477
54127,446770
54128,764430
54129,627593
54130,765670
54131,156284
54132,127471
54133,668535
54134,793665
54135,725182
54136,233665
54137,212811
54138,367996
54139,375431
54140,687066
54141,836925
54142,230721
54143,754081
54144,-135952
54145,378489
54146,490887
54147,611474
54148,280418
54149,449632
54150,142159
54151,552619
54152,804939
54153,683513
54154,374593
54155,637775
54156,619627
54157,694984
54158,597977
54159,161666
54160,192611
54161,490901
54162,260319
54163,752703
54164,519652
54165,492038
54166,705570
54167,814301
54168,935689
54169,370493
54170,739513
54171,424706
54172,811047
54173,411284
54174,440464
54175,450455
54176,611369
54177,714021
54178,728167
54179,344631
54180,339089
54181,382960
54182,512355
54183,269454
54184,757874
54185,550739
54186,151301
54187,711058
54188,176270
54189,339151
54190,613508
54191,360929
54192,772963
54193,768957
54194,687290
54195,810528
54196,529733
54197,-102670
54198,216748
54199,117221
54200,290868
54201,328157
54202,745936
54203,367904
54204,687974
54205,139066
54206,725937
54207,-63961
54208,134769
54209,191670
54210,406466
54211,589127
54212,-19569
54213,359436
54214,-7094
54215,295448
54216,289588
54217,592482
54218,714185
54219,269769
54220,810747
54221,301447
54222,154178
54223,635884
54224,746277
54225,548577
54226,354688
54227,355227
54228,567407
54229,697366
54230,316414
54231,681673
54232,96251
54233,592095
54234,163459
54235,578131
54236,461586
54237,570183
54238,399978
54239,241515
54240,599095
54241,616857
54242,406939
54243,543342
54244,502308
54245,653959
54246,371363
54247,440349
54248,573127
54249,2289
54250,610402
54251,723980
54252,512168
54253,149787
54254,135860
54255,-50456
54256,293765
54257,755571
54258,712357
54259,317687
54260,802602
54261,383145
54262,674041
54263,330066
54264,834225
54265,294307
54266,-153664
54267,750205
54268,192636
54269,399702
54270,648839
54271,638195
54272,699165
54273,739367
54274,562698
54275,72777
54276,392933
54277,349232
54278,144982
54279,622728
54280,487162
54281,361651
54282,338336
54283,644882
54284,204568
54285,44462
54286,812642
54287,553812
54288,766142
54289,220324
54290,401889
54291,420757
54292,10481
54293,666598
54294,6366
54295,103087
54296,202665
54297,777976
54298,161949
54299,314468
54300,435894
54301,375282
54302,736189
54303,672779
54304,684050
54305,752336
54306,809991
54307,207427
54308,453249
54309,263913
54310,389663
54311,317851
54312,498569
54313,755733
54314,669692
54315,212201
54316,676662
54317,756213
54318,673168
54319,465783
54320,364842
54321,-13016
54322,673585
54323,427911
54324,352869
54325,778051
54326,761004
54327,199157
54328,166546
54329,355339
54330,328752
54331,430816
54332,432117
54333,529621
54334,735853
54335,350812
54336,632814
54337,136267
54338,745130
54339,349819
54340,649857
54341,868095
54342,270389
54343,396235
54344,370576
54345,335524
54346,34154
54347,895720
54348,354015
54349,615367
54350,76639
54351,358415
54352,654345
54353,274826
54354,79680
54355,259373
54356,451015
54357,402442
54358,336152
54359,617554
54360,282985
54361,267443
54362,187421
54363,507154
54364,572389
54365,836479
54366,212293
54367,44042
54368,471140
54369,577681
54370,227324
54371,760109
54372,341137
54373,805713
54374,586264
54375,272
54376,552634
54377,829350
54378,542623
54379,-71200
54380,574735
54381,341010
54382,736641
54383,667121
54384,346281
54385,146756
54386,300839
54387,591230
54388,602237
54389,795416
54390,566755
54391,78961
54392,-81275
54393,235511
54394,148761
54395,522444
54396,132941
54397,405919
54398,566849
54399,412919
54400,410799
54401,679800
54402,540096
54403,876865
54404,277186
54405,366925
54406,384381
54407,751960
54408,790227
54409,321403
54410,467551
54411,765322
54412,337548
54413,587450
54414,890408
54415,292188
54416,293111
54417,355592
54418,360188
54419,613418
54420,862332
54421,54225
54422,584484
54423,782334
54424,218091
54425,736810
54426,316802
54427,151989
54428,108895
54429,605703
54430,405938
54431,801199
54432,195638
54433,119800
54434,664052
54435,366855
54436,412222
54437,469801
54438,859380
54439,643066
54440,656164
54441,272070
54442,424612
54443,439963
54444,240902
54445,36704
54446,247120
54447,272557
54448,376842
54449,771446
54450,478151
54451,386385
54452,755821
54453,312706
54454,771979
54455,834598
54456,908315
54457,433423
54458,101148
54459,249371
54460,755496
54461,829716
54462,409408
54463,483311
54464,674373
54465,382929
54466,282307
54467,287871
54468,336092
54469,794075
54470,-56457
54471,66897
54472,196846
54473,668831
54474,576538
54475,504227
54476,824814
54477,221199
54478,697172
54479,677704
54480,372864
54481,682053
54482,470240
54483,581959
54484,872386
54485,454640
54486,345061
54487,729865
54488,414956
54489,846105
54490,622629
54491,889825
54492,191099
54493,214328
54494,204526
54495,458099
54496,133243
54497,214824
54498,689196
54499,451064
54500,699793
54501,661357
54502,553217
54503,749353
54504,619132
54505,573423
54506,762187
54507,491447
54508,307456
54509,270180
54510,801773
54511,940851
54512,634676
54513,94171
54514,9275
54515,266042
54516,277538
54517,709626
54518,547229
54519,142827
54520,333915
54521,381709
54522,698922
54523,241859
54524,551777
54525,275255
54526,585233
54527,350705
54528,699355
54529,647680
54530,63547
54531,608963
54532,161717
54533,288044
54534,433209
54535,684064
54536,367252
54537,754735
54538,535826
54539,758705
54540,282163
54541,292471
54542,420938
54543,936353
54544,621264
54545,521120
54546,170544
54547,180301
54548,56255
54549,673958
54550,586205
54551,290193
54552,945885
54553,568257
54554,290151
54555,878332
54556,515753
54557,741930
54558,637365
54559,436386
54560,542717
54561,615264
54562,192034
54563,459700
54564,168733
54565,128717
54566,156968
54567,738200
54568,335633
54569,85980
54570,572226
54571,677034
54572,317561
54573,250027
54574,279827
54575,178293
54576,426420
54577,334484
54578,543533
54579,272457
54580,217229
54581,216587
54582,791302
54583,284022
54584,-3865
54585,734608
54586,229786
54587,747832
54588,292321
54589,267565
54590,733279
54591,225411
54592,447404
54593,805498
54594,122276
54595,773737
54596,234523
54597,736173
54598,133739
54599,321330
54600,481600
54601,7742
54602,907257
54603,491642
54604,646682
54605,794664
54606,675710
54607,743718
54608,617849
54609,359663
54610,552698
54611,378281
54612,708198
54613,282593
54614,-37280
54615,86178
54616,491464
54617,755343
54618,333079
54619,254319
54620,273849
54621,139764
54622,673696
54623,-67491
54624,811534
54625,275223
54626,329213
54627,862570
54628,789425
54629,116644
54630,735097
54631,640676
54632,161654
54633,484341
54634,641015
54635,714347
54636,706589
54637,833826
54638,228950
54639,628462
54640,227828
54641,537691
54642,525811
54643,671384
54644,812098
54645,530905
54646,103502
54647,549702
54648,793068
54649,868658
54650,602668
54651,122748
54652,481111
54653,635272
54654,104692
54655,615797
54656,330722
54657,418299
54658,604143
54659,773507
54660,827532
54661,701201
54662,264906
54663,401568
54664,529927
54665,275905
54666,653913
54667,911541
54668,723317
54669,244811
54670,472150
54671,682459
54672,401669
54673,686966
54674,730039
54675,182506
54676,794855
54677,535103
54678,314228
54679,16122
54680,578416
54681,582320
54682,218614
54683,761370
54684,303832
54685,189182
54686,626086
54687,799171
54688,682426
54689,310428
54690,335661
54691,388758
54692,126997
54693,244328
54694,39654
54695,208906
54696,180245
54697,-22236
54698,747763
54699,662248
54700,742096
54701,347589
54702,728558
54703,431697
54704,278864
54705,226381
54706,-59506
54707,255704
54708,591910
54709,268827
54710,856708
54711,886158
54712,788550
54713,326201
54714,287843
54715,743673
54716,626686
54717,917835
54718,471197
54719,704519
54720,383964
54721,637542
54722,286482
54723,304728
54724,306692
54725,414901
54726,568321
54727,306614
54728,-82455
54729,832882
54730,663105
54731,289504
54732,179732
54733,528012
54734,673155
54735,22765
54736,404357
54737,168824
54738,318739
54739,599695
54740,405943
54741,685752
54742,688015
54743,560259
54744,236483
54745,645345
54746,762110
54747,442828
54748,190796
54749,5117
54750,351375
54751,160968
54752,854253
54753,907162
54754,377540
54755,253270
54756,647384
54757,839302
54758,389752
54759,449656
54760,138089
54761,709742
54762,240677
54763,725629
54764,482779
54765,690318
54766,182726
54767,184593
54768,605651
54769,695461
54770,204667
54771,313151
54772,225254
54773,380302
54774,185040
54775,822673
54776,532537
54777,575307
54778,413119
54779,739447
54780,97097
54781,455076
54782,756010
54783,175491
54784,375658
54785,270754
54786,553764
54787,24095
54788,125069
54789,-29087
54790,270046
54791,595223
54792,795482
54793,431327
54794,798908
54795,301065
54796,316450
54797,905715
54798,814914
54799,287117
54800,284784
54801,673915
54802,241681
54803,638261
54804,259638
54805,560922
54806,471069
54807,209660
54808,757973
54809,479127
54810,821849
54811,601788
54812,415060
54813,397047
54814,476041
54815,530619
54816,508341
54817,214717
54818,428997
54819,529410
54820,605219
54821,269387
54822,630038
54823,271675
54824,722698
54825,693863
54826,679852
54827,803273
54828,804964
54829,725361
54830,363165
54831,384539
54832,345466
54833,430720
54834,332570
54835,201392
54836,850679
54837,15453
54838,349152
54839,562091
54840,373908
54841,163815
54842,595416
54843,315058
54844,536570
54845,154735
54846,213914
54847,138449
54848,228617
54849,645906
54850,725950
54851,610940
54852,424569
54853,228548
54854,233744
54855,155323
54856,880824
54857,701915
54858,612748
54859,638336
54860,115289
54861,716760
54862,712917
54863,235045
54864,544824
54865,473909
54866,197767
54867,512833
54868,487211
54869,748174
54870,277135
54871,446199
54872,207467
54873,318229
54874,792500
54875,812309
54876,698451
54877,46220
54878,803378
54879,630449
54880,-107344
54881,522122
54882,165495
54883,599006
54884,690626
54885,506891
54886,801000
54887,207372
54888,989553
54889,224698
54890,764933
54891,386295
54892,151897
54893,434248
54894,301832
54895,469523
54896,285434
54897,273937
54898,648729
54899,136723
54900,729807
54901,296381
54902,539325
54903,252974
54904,155433
54905,699266
54906,915749
54907,682633
54908,639164
54909,583186
54910,910073
54911,419534
54912,280362
54913,707832
54914,362024
54915,785401
54916,200770
54917,219630
54918,465312
54919,296684
54920,779649
54921,294215
54922,353291
54923,444836
54924,662198
54925,714144
54926,328119
54927,752015
54928,722793
54929,484468
54930,380843
54931,595732
54932,285262
54933,610560
54934,534552
54935,621077
54936,467554
54937,201360
54938,420034
54939,883223
54940,830749
54941,671079
54942,223657
54943,452389
54944,206980
54945,357362
54946,265503
54947,450660
54948,841012
54949,426694
54950,424643
54951,228523
54952,687095
54953,296130
54954,638043
54955,408229
54956,756842
54957,118706
54958,761315
54959,481396
54960,894890
54961,257344
54962,136129
54963,753607
54964,835649
54965,732778
54966,201230
54967,499659
54968,880054
54969,378112
54970,351619
54971,415018
54972,329899
54973,257414
54974,314477
54975,639294
54976,161582
54977,505661
54978,373259
54979,-5199
54980,379831
54981,933815
54982,243332
54983,101280
54984,298710
54985,532824
54986,743177
54987,971271
54988,712445
54989,624435
54990,766797
54991,196257
54992,628804
54993,337195
54994,264424
54995,462166
54996,271696
54997,754030
54998,567890
54999,-161729
55000,220202
55001,757994
55002,564559
55003,335933
55004,260122
55005,262947
55006,558507
55007,607671
55008,517158
55009,585230
55010,667845
55011,48739
55012,684914
55013,231538
55014,327089
55015,95788
55016,113588
55017,754424
55018,521911
55019,413293
55020,710504
55021,701768
55022,823200
55023,771074
55024,642676
55025,331467
55026,267403
55027,515322
55028,405389
55029,408284
55030,64120
55031,669173
55032,-57528
55033,211586
55034,219149
55035,554086
55036,81790
55037,191185
55038,693187
55039,387416
55040,337549
55041,319800
55042,427135
55043,209057
55044,574621
55045,702113
55046,347664
55047,335458
55048,276837
55049,393606
55050,129083
55051,436517
55052,213272
55053,804460
55054,301694
55055,148633
55056,353757
55057,642688
55058,307689
55059,396683
55060,559006
55061,56432
55062,719109
55063,84534
55064,673645
55065,493943
55066,867605
55067,515615
55068,350285
55069,607236
55070,191997
55071,602010
55072,653634
55073,624509
55074,833992
55075,28671
55076,589199
55077,887710
55078,634848
55079,486252
55080,252634
55081,310736
55082,42563
55083,374899
55084,380727
55085,295480
55086,430525
55087,241437
55088,541575
55089,158204
55090,624706
55091,237488
55092,399401
55093,195665
55094,73877
55095,727438
55096,950654
55097,310294
55098,251280
55099,413508
55100,-30200
55101,633521
55102,-79130
55103,676082
55104,678932
55105,326922
55106,491580
55107,117579
55108,550659
55109,783019
55110,210707
55111,304432
55112,314586
55113,274361
55114,657323
55115,433835
55116,558494
55117,678701
55118,504775
55119,636549
55120,404794
55121,547454
55122,195516
55123,400074
55124,307456
55125,644170
55126,-111275
55127,662646
55128,294633
55129,106063
55130,447252
55131,599653
55132,138901
55133,687216
55134,-133283
55135,775167
55136,764512
55137,262693
55138,171072
55139,-205015
55140,134920
55141,401019
55142,455124
55143,682801
55144,622886
55145,663058
55146,528608
55147,235428
55148,206093
55149,231575
55150,308554
55151,806668
55152,583358
55153,343825
55154,561747
55155,567870
55156,361839
55157,677950
55158,266513
55159,477953
55160,553788
55161,445826
55162,715603
55163,676635
55164,555154
55165,625341
55166,645920
55167,519458
55168,409818
55169,776422
55170,492834
55171,445827
55172,667494
55173,363074
55174,210335
55175,675599
55176,897423
55177,784943
55178,576294
55179,311438
55180,518005
55181,773173
55182,499884
55183,758208
55184,263529
55185,265139
55186,41617
55187,293555
55188,343666
55189,171661
55190,-44042
55191,448572
55192,477217
55193,618569
55194,509844
55195,411485
55196,274740
55197,318293
55198,710579
55199,117174
55200,274037
55201,371444
55202,74284
55203,810955
55204,422427
55205,660631
55206,809062
55207,608909
55208,292939
55209,788840
55210,393525
55211,84671
55212,433301
55213,733630
55214,614176
55215,653900
55216,776020
55217,705562
55218,754539
55219,141906
55220,587787
55221,661181
55222,809885
55223,719603
55224,714214
55225,390947
55226,284069
55227,132986
55228,523881
55229,-44142
55230,283513
55231,822426
55232,725674
55233,442205
55234,388679
55235,278302
55236,261215
55237,-111188
55238,183509
55239,411921
55240,602650
55241,225490
55242,527813
55243,230402
55244,459670
55245,358065
55246,264619
55247,959127
55248,135075
55249,862531
55250,398627
55251,363353
55252,679757
55253,325514
55254,559852
55255,638679
55256,301974
55257,621099
55258,425907
55259,628260
55260,517717
55261,586639
55262,744834
55263,655046
55264,625417
55265,939382
55266,301334
55267,203794
55268,489136
55269,244677
55270,607119
55271,203204
55272,727740
55273,582102
55274,655698
55275,702485
55276,176912
55277,-8400
55278,811403
55279,520173
55280,316216
55281,224534
55282,197802
55283,305929
55284,311060
55285,728402
55286,446991
55287,764635
55288,13018
55289,329127
55290,271319
55291,704692
55292,428716
55293,865260
55294,282601
55295,245951
55296,344246
55297,538109
55298,-19646
55299,299510
55300,562405
55301,1699
55302,690780
55303,708786
55304,254584
55305,379762
55306,27524
55307,287714
55308,326578
55309,619177
55310,422996
55311,353365
55312,520535
55313,320728
55314,781506
55315,457057
55316,548289
55317,570955
55318,793789
55319,393481
55320,746332
55321,56567
55322,216050
55323,349584
55324,566289
55325,332967
55326,596070
55327,212455
55328,325626
55329,225467
55330,280837
55331,100827
55332,509980
55333,540084
55334,234237
55335,855270
55336,919722
55337,621351
55338,87335
55339,-25473
55340,851867
55341,680938
55342,771766
55343,262938
55344,186683
55345,72508
55346,301806
55347,772982
55348,99845
55349,537464
55350,391729
55351,783095
55352,410237
55353,333928
55354,797228
55355,128141
55356,75349
55357,638304
55358,616025
55359,390292
55360,621638
55361,445219
55362,651698
55363,482571
55364,881657
55365,256018
55366,659462
55367,835168
55368,73763
55369,405948
55370,319231
55371,665227
55372,192530
55373,458567
55374,327074
55375,392478
55376,329290
55377,459760
55378,268126
55379,614584
55380,218737
55381,591480
55382,398229
55383,733804
55384,571114
55385,298242
55386,276457
55387,182071
55388,297334
55389,726483
55390,262673
55391,642522
55392,554887
55393,773959
55394,699392
55395,490373
55396,599431
55397,872897
55398,643293
55399,94990
55400,737530
55401,639604
55402,502509
55403,136727
55404,294124
55405,609924
55406,650434
55407,218480
55408,572755
55409,392236
55410,609713
55411,148733
55412,672485
55413,575418
55414,508012
55415,826317
55416,875344
55417,325093
55418,246498
55419,452418
55420,681633
55421,357455
55422,506967
55423,819485
55424,787872
55425,316752
55426,856285
55427,871563
55428,282023
55429,375690
55430,563492
55431,729217
55432,339676
55433,441186
55434,446551
55435,441105
55436,226538
55437,54510
55438,713068
55439,334131
55440,470260
55441,457386
55442,323162
55443,640274
55444,209186
55445,609149
55446,263105
55447,224033
55448,450566
55449,753544
55450,280722
55451,788884
55452,172989
55453,417399
55454,580004
55455,232441
55456,693463
55457,845239
55458,424233
55459,332982
55460,358985
55461,480848
55462,542151
55463,215958
55464,494111
55465,713536
55466,673636
55467,263054
55468,590901
55469,141781
55470,492575
55471,617603
55472,557680
55473,455298
55474,680672
55475,143191
55476,375670
55477,461016
55478,441396
55479,482094
55480,861040
55481,625485
55482,645777
55483,804114
55484,664415
55485,789501
55486,609943
55487,812253
55488,439053
55489,589627
55490,802491
55491,612080
55492,663194
55493,662369
55494,766005
55495,737263
55496,590534
55497,345780
55498,58320
55499,652229
55500,524300
55501,718986
55502,910112
55503,377445
55504,346686
55505,488764
55506,268687
55507,662171
55508,473539
55509,371462
55510,804039
55511,-34559
55512,121056
55513,273248
55514,597620
55515,365492
55516,709807
55517,226367
55518,155613
55519,730781
55520,241000
55521,238944
55522,630581
55523,177807
55524,542979
55525,829132
55526,534686
55527,798397
55528,370475
55529,310321
55530,379301
55531,482782
55532,609597
55533,639579
55534,310021
55535,256581
55536,654143
55537,58869
55538,165714
55539,110070
55540,512767
55541,331995
55542,350852
55543,577592
55544,289337
55545,471261
55546,795132
55547,860189
55548,729401
55549,777616
55550,691218
55551,313025
55552,679456
55553,673577
55554,-16362
55555,300391
55556,77999
55557,500980
55558,375124
55559,311559
55560,368804
55561,797615
55562,391939
55563,513208
55564,308636
55565,205514
55566,872933
55567,801068
55568,466524
55569,365971
55570,520154
55571,138493
55572,781614
55573,848449
55574,165419
55575,427226
55576,751289
55577,355104
55578,824108
55579,888394
55580,254426
55581,83922
55582,666103
55583,582099
55584,761147
55585,275751
55586,743578
55587,605299
55588,852418
55589,480761
55590,700676
55591,485407
55592,129942
55593,788018
55594,168281
55595,270288
55596,730058
55597,181910
55598,334886
55599,730758
55600,947726
55601,671192
55602,93880
55603,-75735
55604,963685
55605,328118
55606,314542
55607,255195
55608,264777
55609,644661
55610,645142
55611,149079
55612,748784
55613,860718
55614,592808
55615,142290
55616,231449
55617,208776
55618,335649
55619,346148
55620,316806
55621,315433
55622,-52347
55623,431978
55624,623857
55625,320543
55626,641685
55627,662009
55628,785052
55629,674043
55630,833457
55631,778548
55632,850317
55633,790123
55634,710327
55635,368116
55636,647718
55637,618852
55638,828909
55639,343015
55640,119714
55641,741969
55642,695350
55643,871573
55644,842350
55645,596817
55646,753007
55647,225720
55648,377492
55649,226169
55650,716194
55651,824311
55652,613291
55653,676504
55654,780282
55655,601450
55656,285905
55657,805846
55658,389033
55659,233987
55660,722320
55661,98699
55662,620176
55663,206626
55664,277585
55665,343998
55666,265489
55667,655901
55668,676551
55669,723262
55670,258017
55671,531015
55672,836367
55673,726120
55674,472276
55675,672901
55676,736779
55677,219506
55678,552511
55679,240217
55680,729052
55681,837835
55682,361904
55683,772348
55684,185011
55685,328162
55686,134127
55687,-3440
55688,583807
55689,627299
55690,590061
55691,15163
55692,701676
55693,310251
55694,599238
55695,625978
55696,378770
55697,267649
55698,558022
55699,602684
55700,-3258
55701,346975
55702,128450
55703,121184
55704,824986
55705,406727
55706,253032
55707,208675
55708,746846
55709,337465
55710,553204
55711,344188
55712,123493
55713,531367
55714,765512
55715,531704
55716,790744
55717,96789
55718,712377
55719,359401
55720,299091
55721,518454
55722,335954
55723,776948
55724,584172
55725,593285
55726,588119
55727,687547
55728,402896
55729,406761
55730,45742
55731,288218
55732,840382
55733,485534
55734,664321
55735,432561
55736,227690
55737,183453
55738,367765
55739,682544
55740,757216
55741,595838
55742,123626
55743,763122
55744,776297
55745,637611
55746,177503
55747,287786
55748,151318
55749,929635
55750,777685
55751,648439
55752,218669
55753,118748
55754,683353
55755,577651
55756,758709
55757,806933
55758,388288
55759,258117
55760,37846
55761,249186
55762,747023
55763,203899
55764,138452
55765,224544
55766,786363
55767,550627
55768,301796
55769,566088
55770,37729
55771,948309
55772,551050
55773,130275
55774,26586
55775,334604
55776,845181
55777,698335
55778,212694
55779,406447
55780,672584
55781,653788
55782,161698
55783,465030
55784,230107
55785,342375
55786,600031
55787,729062
55788,649560
55789,746917
55790,461772
55791,492190
55792,487850
55793,10396
55794,195522
55795,776015
55796,844338
55797,642215
55798,723730
55799,458016
55800,557899
55801,679909
55802,583569
55803,495169
55804,81192
55805,721143
55806,627069
55807,286501
55808,191171
55809,411581
55810,95564
55811,732702
55812,625181
55813,294379
55814,254868
55815,515915
55816,678857
55817,329124
55818,331722
55819,226875
55820,120542
55821,208362
55822,238472
55823,686921
55824,448378
55825,340250
55826,314634
55827,492575
55828,441566
55829,734292
55830,377068
55831,365362
55832,585688
55833,438378
55834,222027
55835,290420
55836,442899
55837,153995
55838,483789
55839,748275
55840,660227
55841,137555
55842,601527
55843,463756
55844,724904
55845,253373
55846,347093
55847,825264
55848,370590
55849,190558
55850,406099
55851,516999
55852,359226
55853,670325
55854,392998
55855,827102
55856,368278
55857,877986
55858,260196
55859,593961
55860,888446
55861,491379
55862,670584
55863,652600
55864,-42284
55865,147763
55866,255474
55867,281513
55868,386173
55869,318352
55870,240337
55871,553556
55872,311992
55873,862872
55874,510652
55875,691550
55876,818856
55877,240569
55878,327790
55879,431903
55880,234150
55881,468646
55882,281812
55883,395232
55884,688543
55885,657664
55886,725515
55887,698172
55888,661162
55889,415286
55890,188246
55891,357086
55892,374174
55893,156175
55894,786915
55895,420924
55896,467810
55897,848731
55898,363310
55899,111103
55900,692563
55901,260698
55902,250406
55903,700778
55904,720380
55905,470067
55906,-96316
55907,235532
55908,205135
55909,770173
55910,221038
55911,327082
55912,663715
55913,527403
55914,646010
55915,248316
55916,688744
55917,433225
55918,630197
55919,129029
55920,708503
55921,661016
55922,632441
55923,609043
55924,658010
55925,215188
55926,601334
55927,362186
55928,677815
55929,649404
55930,717301
55931,174988
55932,531772
55933,582788
55934,509022
55935,-63224
55936,353744
55937,798411
55938,549336
55939,631662
55940,80439
55941,248383
55942,299563
55943,32272
55944,489810
55945,235386
55946,316572
55947,584898
55948,770538
55949,610721
55950,445134
55951,894581
55952,728776
55953,175949
55954,474047
55955,674814
55956,24949
55957,304437
55958,497578
55959,291571
55960,776686
55961,684250
55962,920009
55963,421421
55964,421612
55965,328061
55966,717752
55967,711777
55968,447594
55969,561136
55970,561421
55971,657611
55972,602398
55973,334359
55974,753239
55975,432589
55976,555065
55977,418432
55978,668794
55979,-58352
55980,888862
55981,679540
55982,372222
55983,-178318
55984,134648
55985,768878
55986,396491
55987,573548
55988,30639
55989,641440
55990,815572
55991,411623
55992,59019
55993,254189
55994,203068
55995,259312
55996,241851
55997,290913
55998,654242
55999,737957
56000,635909
56001,436456
56002,756498
56003,312663
56004,700948
56005,780576
56006,371412
56007,382594
56008,769095
56009,360743
56010,770492
56011,317574
56012,318552
56013,785891
56014,492432
56015,174914
56016,710704
56017,506937
56018,854557
56019,510872
56020,537505
56021,857389
56022,439300
56023,755480
56024,826462
56025,306900
56026,31756
56027,689071
56028,233812
56029,120589
56030,610881
56031,158972
56032,384783
56033,596881
56034,749660
56035,553455
56036,95404
56037,354226
56038,772980
56039,728116
56040,292281
56041,449737
56042,626072
56043,63406
56044,229887
56045,455921
56046,578479
56047,909412
56048,220058
56049,807388
56050,218466
56051,336624
56052,351267
56053,317898
56054,508291
56055,306518
56056,367661
56057,569807
56058,578860
56059,210655
56060,193069
56061,396170
56062,373904
56063,277716
56064,750341
56065,282265
56066,793547
56067,578611
56068,136370
56069,800738
56070,269376
56071,629480
56072,613010
56073,765141
56074,370596
56075,187701
56076,57031
56077,666488
56078,773948
56079,301807
56080,623051
56081,429736
56082,774917
56083,705969
56084,262105
56085,301377
56086,561243
56087,589356
56088,398873
56089,619745
56090,174962
56091,207338
56092,582793
56093,880070
56094,276880
56095,566014
56096,143631
56097,-78767
56098,292876
56099,767415
56100,267206
56101,309136
56102,968770
56103,732205
56104,716600
56105,757849
56106,266625
56107,517671
56108,92327
56109,654430
56110,447182
56111,524114
56112,575561
56113,264903
56114,204116
56115,312450
56116,271172
56117,276574
56118,438304
56119,730021
56120,620111
56121,622165
56122,-120310
56123,34098
56124,370529
56125,394489
56126,667763
56127,359855
56128,312770
56129,273320
56130,787108
56131,302042
56132,561669
56133,818791
56134,235757
56135,731569
56136,727233
56137,127090
56138,322021
56139,693345
56140,636884
56141,331437
56142,324164
56143,342249
56144,901689
56145,48347
56146,390355
56147,60045
56148,480802
56149,357076
56150,518021
56151,931312
56152,197679
56153,626990
56154,224966
56155,387478
56156,582866
56157,-190376
56158,438802
56159,86627
56160,163749
56161,756081
56162,202310
56163,564701
56164,425954
56165,492946
56166,343672
56167,337990
56168,5578
56169,477226
56170,688325
56171,549162
56172,180027
56173,530540
56174,709379
56175,511007
56176,435088
56177,846493
56178,630207
56179,698313
56180,452189
56181,333796
56182,592427
56183,448754
56184,819169
56185,567132
56186,545598
56187,562195
56188,584399
56189,601629
56190,149808
56191,744808
56192,678496
56193,726044
56194,246888
56195,-5970
56196,374623
56197,115246
56198,610140
56199,480006
56200,-444
56201,647090
56202,303925
56203,273253
56204,662733
56205,623627
56206,743769
56207,832488
56208,761218
56209,300645
56210,778540
56211,164653
56212,837670
56213,279840
56214,-45923
56215,566321
56216,175667
56217,660041
56218,96243
56219,311335
56220,774999
56221,116135
56222,-7413
56223,316071
56224,283814
56225,376951
56226,64999
56227,718996
56228,820976
56229,275892
56230,95166
56231,529998
56232,540454
56233,246709
56234,531422
56235,383608
56236,190462
56237,572239
56238,758092
56239,500318
56240,272856
56241,793320
56242,616737
56243,213500
56244,586020
56245,-47626
56246,-7419
56247,796406
56248,295649
56249,635345
56250,291798
56251,521331
56252,288255
56253,400884
56254,376947
56255,861761
56256,734430
56257,692031
56258,379773
56259,786160
56260,589156
56261,195417
56262,371305
56263,878535
56264,897072
56265,340316
56266,630358
56267,805534
56268,883298
56269,252892
56270,717297
56271,762087
56272,376801
56273,663383
56274,241945
56275,331394
56276,461257
56277,364962
56278,260357
56279,868287
56280,473907
56281,674668
56282,286825
56283,354304
56284,654791
56285,744155
56286,280964
56287,661921
56288,316911
56289,886593
56290,357634
56291,190701
56292,839915
56293,31839
56294,450673
56295,847873
56296,242812
56297,509416
56298,779146
56299,340922
56300,280903
56301,319293
56302,810046
56303,647654
56304,193019
56305,-81792
56306,530408
56307,557677
56308,60538
56309,531203
56310,738094
56311,829484
56312,786911
56313,349745
56314,350965
56315,454690
56316,409700
56317,669513
56318,766833
56319,588729
56320,388775
56321,723007
56322,487299
56323,666788
56324,192578
56325,525911
56326,268425
56327,652319
56328,746447
56329,795142
56330,242731
56331,294804
56332,-99686
56333,656602
56334,283663
56335,822353
56336,368837
56337,145097
56338,70928
56339,98345
56340,815109
56341,764087
56342,62439
56343,379943
56344,679363
56345,703798
56346,403646
56347,523299
56348,497283
56349,539217
56350,451395
56351,57710
56352,193126
56353,6009
56354,790158
56355,952609
56356,308854
56357,241414
56358,245325
56359,319664
56360,600688
56361,686749
56362,591671
56363,741632
56364,496270
56365,528874
56366,753619
56367,349904
56368,-23187
56369,416195
56370,407328
56371,419426
56372,772167
56373,777741
56374,431797
56375,339250
56376,184004
56377,245299
56378,638908
56379,868333
56380,245504
56381,368070
56382,824925
56383,674850
56384,774715
56385,-45924
56386,356240
56387,385596
56388,538032
56389,751398
56390,884750
56391,309695
56392,657221
56393,720459
56394,353055
56395,292348
56396,704167
56397,314469
56398,517874
56399,607427
56400,280292
56401,203642
56402,374591
56403,748325
56404,240727
56405,929483
56406,780121
56407,620402
56408,352370
56409,365019
56410,705522
56411,611574
56412,217294
56413,277448
56414,287229
56415,325840
56416,735084
56417,705301
56418,725006
56419,561796
56420,735995
56421,330514
56422,807099
56423,587542
56424,267937
56425,196132
56426,418626
56427,375296
56428,250748
56429,304612
56430,737242
56431,-115282
56432,793894
56433,755887
56434,217950
56435,831406
56436,284304
56437,337725
56438,828451
56439,707249
56440,838801
56441,300627
56442,677872
56443,502231
56444,187461
56445,215428
56446,236712
56447,549360
56448,413826
56449,366951
56450,234010
56451,397253
56452,758200
56453,332607
56454,234101
56455,655588
56456,699253
56457,564677
56458,317915
56459,759728
56460,604884
56461,394074
56462,-206118
56463,619633
56464,346071
56465,499914
56466,777530
56467,124345
56468,663331
56469,319303
56470,34419
56471,918924
56472,196748
56473,700886
56474,778384
56475,331092
56476,625239
56477,600853
56478,678134
56479,468835
56480,326167
56481,325918
56482,812814
56483,840741
56484,240395
56485,852798
56486,393190
56487,802422
56488,11261
56489,768424
56490,414140
56491,83754
56492,231415
56493,381318
56494,656982
56495,975960
56496,362503
56497,705549
56498,560088
56499,313088
56500,-107459
56501,635817
56502,-65445
56503,723502
56504,272863
56505,176637
56506,722279
56507,836806
56508,547267
56509,272066
56510,817057
56511,461241
56512,824830
56513,704190
56514,338914
56515,166973
56516,157497
56517,204473
56518,379804
56519,297800
56520,368251
56521,76314
56522,172227
56523,885765
56524,299140
56525,376742
56526,533339
56527,567412
56528,649444
56529,292102
56530,283688
56531,397666
56532,646566
56533,663852
56534,815292
56535,594923
56536,51938
56537,200090
56538,368220
56539,644659
56540,286517
56541,149319
56542,927897
56543,343101
56544,934598
56545,833223
56546,344998
56547,241113
56548,399348
56549,483967
56550,462862
56551,379950
56552,363291
56553,857862
56554,40693
56555,283875
56556,170417
56557,94199
56558,374327
56559,335960
56560,518253
56561,128655
56562,929053
56563,763149
56564,487349
56565,498077
56566,675861
56567,180733
56568,380049
56569,755695
56570,395815
56571,667743
56572,250264
56573,785924
56574,291580
56575,339307
56576,341043
56577,382007
56578,355489
56579,201205
56580,251163
56581,362776
56582,418037
56583,554773
56584,778507
56585,375496
56586,534672
56587,190449
56588,356757
56589,235574
56590,-34868
56591,560212
56592,344517
56593,817150
56594,465856
56595,579767
56596,465484
56597,356787
56598,683040
56599,189080
56600,749238
56601,368380
56602,627796
56603,322357
56604,167735
56605,445929
56606,150878
56607,656554
56608,125926
56609,-46353
56610,343020
56611,217029
56612,236488
56613,555209
56614,248104
56615,347491
56616,782843
56617,369991
56618,632429
56619,325866
56620,829358
56621,258556
56622,883739
56623,19146
56624,469182
56625,440583
56626,609571
56627,733887
56628,421435
56629,490515
56630,209182
56631,262124
56632,788924
56633,426812
56634,249366
56635,786551
56636,220035
56637,499091
56638,311538
56639,329678
56640,151159
56641,448030
56642,144585
56643,240075
56644,748447
56645,169194
56646,266870
56647,583488
56648,270305
56649,756395
56650,263898
56651,772747
56652,775504
56653,221322
56654,757542
56655,268143
56656,361590
56657,489090
56658,511872
56659,183565
56660,317393
56661,513528
56662,382948
56663,323293
56664,685791
56665,138888
56666,179114
56667,609373
56668,698656
56669,550790
56670,134938
56671,16503
56672,429796
56673,150808
56674,411501
56675,805582
56676,310423
56677,553201
56678,485621
56679,826606
56680,672350
56681,233592
56682,657340
56683,329580
56684,686955
56685,815685
56686,262029
56687,356488
56688,516615
56689,341221
56690,639701
56691,74780
56692,375856
56693,550717
56694,490965
56695,441507
56696,367318
56697,381390
56698,361095
56699,214829
56700,656890
56701,282114
56702,592276
56703,297264
56704,666306
56705,240383
56706,740369
56707,192364
56708,514824
56709,873324
56710,769265
56711,280236
56712,581037
56713,-68228
56714,276262
56715,701297
56716,277782
56717,412228
56718,452456
56719,331263
56720,715407
56721,321975
56722,542388
56723,656708
56724,399237
56725,648695
56726,511626
56727,878530
56728,837890
56729,302007
56730,193730
56731,399204
56732,815186
56733,390602
56734,426390
56735,531403
56736,969187
56737,127190
56738,603732
56739,450997
56740,211126
56741,330184
56742,586558
56743,847160
56744,329886
56745,838344
56746,619691
56747,382298
56748,56127
56749,-135488
56750,896661
56751,208160
56752,287563
56753,611928
56754,306338
56755,798336
56756,562429
56757,194195
56758,322382
56759,37161
56760,253521
56761,506859
56762,594424
56763,679350
56764,152201
56765,477510
56766,781365
56767,-69394
56768,228340
56769,531655
56770,406362
56771,263797
56772,697859
56773,244561
56774,471559
56775,749770
56776,675001
56777,566024
56778,882818
56779,286607
56780,7324
56781,299117
56782,239811
56783,322738
56784,347464
56785,384473
56786,148388
56787,816655
56788,739296
56789,538706
56790,150345
56791,730437
56792,161288
56793,377256
56794,328471
56795,719991
56796,806970
56797,740888
56798,627871
56799,-12392
56800,702400
56801,163085
56802,-48051
56803,915689
56804,406330
56805,140520
56806,646613
56807,79861
56808,361911
56809,216700
56810,772042
56811,625473
56812,628683
56813,186124
56814,225938
56815,641284
56816,507670
56817,627976
56818,618864
56819,494625
56820,580603
56821,280296
56822,685729
56823,800946
56824,678971
56825,486954
56826,72597
56827,740932
56828,-80571
56829,917026
56830,199151
56831,267019
56832,-21876
56833,24400
56834,782811
56835,259568
56836,552940
56837,686555
56838,296014
56839,306592
56840,211112
56841,634617
56842,319399
56843,344186
56844,574970
56845,127254
56846,265083
56847,844724
56848,743684
56849,372642
56850,308954
56851,634673
56852,434477
56853,432561
56854,400289
56855,282756
56856,378402
56857,311770
56858,396025
56859,682535
56860,104301
56861,353305
56862,801435
56863,828747
56864,775012
56865,147677
56866,674125
56867,619199
56868,635544
56869,724481
56870,66958
56871,285975
56872,385572
56873,744308
56874,601644
56875,695742
56876,354440
56877,770616
56878,25922
56879,349569
56880,519964
56881,818156
56882,245697
56883,797979
56884,135620
56885,396089
56886,477706
56887,657145
56888,738647
56889,366162
56890,848771
56891,352476
56892,773322
56893,549735
56894,271402
56895,620017
56896,879405
56897,523534
56898,641950
56899,776526
56900,2165
56901,176111
56902,689259
56903,894859
56904,288063
56905,184842
56906,327997
56907,725240
56908,680382
56909,249067
56910,806601
56911,648391
56912,394317
56913,876006
56914,766247
56915,266551
56916,485374
56917,715169
56918,314003
56919,350061
56920,672280
56921,645517
56922,8471
56923,200292
56924,355580
56925,270573
56926,519973
56927,130336
56928,329390
56929,383378
56930,343964
56931,830600
56932,342308
56933,363532
56934,748704
56935,458410
56936,815642
56937,375835
56938,260642
56939,366679
56940,61744
56941,434892
56942,453773
56943,570685
56944,521415
56945,337591
56946,104852
56947,422712
56948,528275
56949,169027
56950,718311
56951,217171
56952,359451
56953,559775
56954,285641
56955,263038
56956,179606
56957,258128
56958,262418
56959,363965
56960,254391
56961,773317
56962,441312
56963,225361
56964,444787
56965,416493
56966,272140
56967,628440
56968,663794
56969,513904
56970,166501
56971,753263
56972,606145
56973,171225
56974,588975
56975,393939
56976,736368
56977,575293
56978,304442
56979,605909
56980,806878
56981,830263
56982,511037
56983,211338
56984,562654
56985,793485
56986,42229
56987,241658
56988,354814
56989,380757
56990,370830
56991,727977
56992,712307
56993,203073
56994,419555
56995,474023
56996,796161
56997,742733
56998,290904
56999,303039
57000,344772
57001,752522
57002,240782
57003,484296
57004,368287
57005,791336
57006,739302
57007,931064
57008,130212
57009,580907
57010,636366
57011,422535
57012,737963
57013,526025
57014,-19268
57015,248347
57016,315217
57017,194543
57018,757448
57019,709914
57020,759124
57021,329561
57022,752854
57023,795023
57024,219115
57025,535810
57026,347126
57027,747098
57028,405360
57029,155720
57030,284495
57031,786355
57032,848059
57033,752176
57034,363438
57035,726582
57036,313705
57037,668962
57038,734198
57039,-15060
57040,327431
57041,380937
57042,213269
57043,33032
57044,322529
57045,655063
57046,833163
57047,-48571
57048,292282
57049,644637
57050,328269
57051,533616
57052,747665
57053,815931
57054,600701
57055,518636
57056,463392
57057,601541
57058,492304
57059,683714
57060,500485
57061,583850
57062,-55150
57063,501464
57064,405203
57065,591776
57066,254342
57067,610554
57068,411787
57069,355582
57070,513467
57071,535038
57072,493124
57073,386861
57074,-134495
57075,453048
57076,300891
57077,531747
57078,248906
57079,274725
57080,768096
57081,275641
57082,504309
57083,226514
57084,272909
57085,784899
57086,13788
57087,494275
57088,568301
57089,185986
57090,87103
57091,369666
57092,-49449
57093,711481
57094,638247
57095,750941
57096,393697
57097,518797
57098,807679
57099,97534
57100,204723
57101,344936
57102,510061
57103,738957
57104,396892
57105,134116
57106,393738
57107,273380
57108,771598
57109,628475
57110,458068
57111,403614
57112,108728
57113,259561
57114,721480
57115,256211
57116,478834
57117,842081
57118,628386
57119,510343
57120,590793
57121,453188
57122,811947
57123,493669
57124,843303
57125,224415
57126,725021
57127,702809
57128,624262
57129,617866
57130,333372
57131,618571
57132,149011
57133,783057
57134,662194
57135,748885
57136,-3974
57137,201454
57138,353978
57139,-83846
57140,156522
57141,283657
57142,127739
57143,426583
57144,115605
57145,514403
57146,221400
57147,132960
57148,178445
57149,641002
57150,627818
57151,801643
57152,-182690
57153,513798
57154,672364
57155,837085
57156,210943
57157,626685
57158,371054
57159,234770
57160,322835
57161,421921
57162,54719
57163,166034
57164,233533
57165,143292
57166,256041
57167,472319
57168,121417
57169,232035
57170,383334
57171,694121
57172,548614
57173,211858
57174,629573
57175,252006
57176,23978
57177,306169
57178,617987
57179,205822
57180,684093
57181,644735
57182,726006
57183,765480
57184,668176
57185,426407
57186,120887
57187,259185
57188,581582
57189,579759
57190,272294
57191,133767
57192,471712
57193,480082
57194,236416
57195,650973
57196,761173
57197,390849
57198,550138
57199,624002
57200,111447
57201,414474
57202,730606
57203,742339
57204,865457
57205,159240
57206,643993
57207,264531
57208,560237
57209,585198
57210,236850
57211,537741
57212,359060
57213,88029
57214,730667
57215,357931
57216,687222
57217,664238
57218,691446
57219,757329
57220,810481
57221,578191
57222,210025
57223,137839
57224,427985
57225,723099
57226,427205
57227,329271
57228,272765
57229,359308
57230,157631
57231,675798
57232,724616
57233,828433
57234,294066
57235,559313
57236,822391
57237,301888
57238,596225
57239,213938
57240,831163
57241,277690
57242,399243
57243,264981
57244,62642
57245,-93353
57246,759738
57247,659414
57248,845471
57249,505956
57250,307436
57251,630836
57252,411590
57253,233981
57254,761959
57255,558163
57256,114872
57257,36102
57258,245422
57259,677840
57260,36620
57261,788449
57262,238842
57263,187332
57264,390557
57265,303089
57266,383234
57267,808263
57268,616105
57269,802157
57270,233501
57271,767300
57272,406950
57273,320538
57274,631964
57275,776083
57276,411430
57277,583267
57278,257715
57279,681325
57280,370830
57281,771918
57282,-92480
57283,244162
57284,701123
57285,276127
57286,202008
57287,708333
57288,542929
57289,276968
57290,428385
57291,307273
57292,622145
57293,683093
57294,126124
57295,637244
57296,287076
57297,222327
57298,210975
57299,741607
57300,181384
57301,820149
57302,383166
57303,306193
57304,559895
57305,840303
57306,799224
57307,491157
57308,399680
57309,371307
57310,450380
57311,623148
57312,267199
57313,259183
57314,696970
57315,636359
57316,643613
57317,564470
57318,226509
57319,885024
57320,281448
57321,546988
57322,688167
57323,379254
57324,533366
57325,739835
57326,226005
57327,873945
57328,408202
57329,404968
57330,513217
57331,863835
57332,171538
57333,614308
57334,341808
57335,324315
57336,845993
57337,431214
57338,227155
57339,298940
57340,688397
57341,337463
57342,452918
57343,863267
57344,468452
57345,208254
57346,438252
57347,437631
57348,824811
57349,628690
57350,851649
57351,335838
57352,779350
57353,364832
57354,697455
57355,483341
57356,633125
57357,322436
57358,507041
57359,698620
57360,642901
57361,878847
57362,557999
57363,108796
57364,951488
57365,230699
57366,407021
57367,245643
57368,221070
57369,495768
57370,-40985
57371,362462
57372,249855
57373,422687
57374,808965
57375,624227
57376,669815
57377,175357
57378,762706
57379,216814
57380,300050
57381,720043
57382,221296
57383,569330
57384,426139
57385,108760
57386,339691
57387,720664
57388,84864
57389,782519
57390,299786
57391,85969
57392,730042
57393,679636
57394,173213
57395,409561
57396,328250
57397,454241
57398,605395
57399,638331
57400,405759
57401,309122
57402,541973
57403,622259
57404,295937
57405,756174
57406,566824
57407,593486
57408,234816
57409,602052
57410,323595
57411,678817
57412,749639
57413,272778
57414,213761
57415,630856
57416,611730
57417,254854
57418,335224
57419,550923
57420,276910
57421,447660
57422,421658
57423,700928
57424,184489
57425,201316
57426,632067
57427,737358
57428,819524
57429,148967
57430,123089
57431,698931
57432,421151
57433,840710
57434,287046
57435,638257
57436,245782
57437,236988
57438,599552
57439,242689
57440,329641
57441,288949
57442,766142
57443,539087
57444,264034
57445,480783
57446,743462
57447,517359
57448,750985
57449,297468
57450,848727
57451,585914
57452,768930
57453,-59169
57454,369495
57455,227352
57456,549411
57457,311270
57458,604467
57459,138914
57460,-82766
57461,664899
57462,424057
57463,441517
57464,181385
57465,598915
57466,683866
57467,431652
57468,631658
57469,57251
57470,342931
57471,689855
57472,683279
57473,47240
57474,545263
57475,450972
57476,355645
57477,822233
57478,541726
57479,520597
57480,445929
57481,259379
57482,337277
57483,898493
57484,304266
57485,453840
57486,744214
57487,671531
57488,273742
57489,698297
57490,401384
57491,600728
57492,707299
57493,290334
57494,680561
57495,299140
57496,788974
57497,218335
57498,323167
57499,830396
57500,704481
57501,526820
57502,400129
57503,4173
57504,-78189
57505,99661
57506,210386
57507,195412
57508,659908
57509,528058
57510,810768
57511,854647
57512,454009
57513,375186
57514,527112
57515,-61612
57516,472402
57517,306396
57518,363910
57519,441526
57520,704722
57521,409894
57522,281560
57523,682024
57524,235146
57525,685641
57526,626731
57527,13460
57528,567339
57529,532612
57530,645436
57531,415308
57532,179353
57533,255678
57534,606772
57535,267421
57536,200779
57537,104479
57538,-23549
57539,599227
57540,803222
57541,164850
57542,625396
57543,436809
57544,210855
57545,406273
57546,222510
57547,298320
57548,625643
57549,787709
57550,451594
57551,340221
57552,331726
57553,165239
57554,724007
57555,-132590
57556,328005
57557,736143
57558,583227
57559,315139
57560,257632
57561,778267
57562,392570
57563,357822
57564,37966
57565,749780
57566,515564
57567,492353
57568,545336
57569,34475
57570,733430
57571,770853
57572,823820
57573,364178
57574,898765
57575,140606
57576,916941
57577,367678
57578,632462
57579,253525
57580,409961
57581,429275
57582,379561
57583,260631
57584,716717
57585,700803
57586,269173
57587,332738
57588,650385
57589,639689
57590,563578
57591,472164
57592,405480
57593,706292
57594,144762
57595,882245
57596,325002
57597,261798
57598,380513
57599,727037
57600,770358
57601,727133
57602,475769
57603,617479
57604,430724
57605,450175
57606,-71122
57607,655812
57608,811008
57609,770076
57610,439615
57611,678215
57612,559113
57613,745455
57614,-84713
57615,489384
57616,776789
57617,165482
57618,574090
57619,541419
57620,857540
57621,511339
57622,520140
57623,120160
57624,672242
57625,568751
57626,-10356
57627,671411
57628,917167
57629,163355
57630,276487
57631,286966
57632,76857
57633,380935
57634,408971
57635,294050
57636,652418
57637,653819
57638,321701
57639,509431
57640,696985
57641,130278
57642,676519
57643,652015
57644,266225
57645,321122
57646,298301
57647,850146
57648,-29415
57649,210871
57650,813266
57651,731597
57652,786480
57653,164104
57654,-9631
57655,131921
57656,133375
57657,316885
57658,254165
57659,762164
57660,412174
57661,122852
57662,738479
57663,737953
57664,290371
57665,281784
57666,414522
57667,219218
57668,410463
57669,650267
57670,481115
57671,656790
57672,568699
57673,198515
57674,360872
57675,666211
57676,-239566
57677,317393
57678,-89118
57679,849791
57680,162739
57681,366736
57682,283825
57683,547773
57684,781845
57685,-140483
57686,682448
57687,114724
57688,593814
57689,329765
57690,562704
57691,357532
57692,651887
57693,-141525
57694,868450
57695,721454
57696,63005
57697,262261
57698,693624
57699,227798
57700,818377
57701,189599
57702,399863
57703,532646
57704,762137
57705,732571
57706,729105
57707,686918
57708,241056
57709,637800
57710,705950
57711,510502
57712,305223
57713,806801
57714,453897
57715,283595
57716,32436
57717,763563
57718,534418
57719,642436
57720,218415
57721,209241
57722,598766
57723,200493
57724,250599
57725,370560
57726,263603
57727,342676
57728,870200
57729,125037
57730,598835
57731,658562
57732,815720
57733,216331
57734,20948
57735,563609
57736,475002
57737,366095
57738,779595
57739,821260
57740,668659
57741,379066
57742,739611
57743,657085
57744,134787
57745,286488
57746,497736
57747,151975
57748,551227
57749,482294
57750,247041
57751,736065
57752,868884
57753,780493
57754,-29477
57755,215271
57756,-165590
57757,340966
57758,738135
57759,609609
57760,340267
57761,199347
57762,162051
57763,567111
57764,246904
57765,338750
57766,649402
57767,580585
57768,666977
57769,-136446
57770,294608
57771,232284
57772,212870
57773,714604
57774,338062
57775,21292
57776,-137849
57777,456414
57778,322064
57779,334783
57780,494930
57781,121927
57782,300676
57783,1036446
57784,698803
57785,-17805
57786,454443
57787,788575
57788,854837
57789,86941
57790,479122
57791,326943
57792,789554
57793,354742
57794,57928
57795,237560
57796,452335
57797,421681
57798,456255
57799,203228
57800,165707
57801,860155
57802,647924
57803,364439
57804,670603
57805,262716
57806,830001
57807,491824
57808,589492
57809,153146
57810,858816
57811,247445
57812,776122
57813,145539
57814,205858
57815,368983
57816,364207
57817,825248
57818,432337
57819,345900
57820,543767
57821,181559
57822,712794
57823,380968
57824,405964
57825,210698
57826,764239
57827,128863
57828,433418
57829,698709
57830,96610
57831,565368
57832,707393
57833,614421
57834,138300
57835,432055
57836,-50016
57837,450894
57838,574636
57839,609411
57840,527467
57841,403415
57842,-57987
57843,457864
57844,743591
57845,754475
57846,223524
57847,403562
57848,738316
57849,443901
57850,681940
57851,443001
57852,652749
57853,34527
57854,643620
57855,794278
57856,550863
57857,797652
57858,277575
57859,531936
57860,354376
57861,383837
57862,532829
57863,371639
57864,505317
57865,636647
57866,871402
57867,409162
57868,223190
57869,864691
57870,623942
57871,378259
57872,305110
57873,342906
57874,760434
57875,567107
57876,685104
57877,194961
57878,-22046
57879,551501
57880,727866
57881,343984
57882,631189
57883,714298
57884,617433
57885,764730
57886,603283
57887,376596
57888,-1703
57889,553674
57890,26273
57891,835028
57892,99544
57893,266996
57894,527188
57895,579288
57896,807619
57897,610120
57898,331915
57899,73379
57900,491040
57901,670432
57902,702927
57903,164840
57904,720564
57905,120037
57906,533804
57907,457389
57908,198335
57909,634826
57910,818146
57911,156845
57912,229435
57913,866965
57914,578421
57915,154970
57916,238839
57917,358600
57918,662304
57919,198711
57920,391092
57921,240427
57922,255782
57923,787657
57924,399445
57925,343287
57926,472291
57927,803489
57928,592075
57929,375401
57930,910720
57931,480056
57932,722073
57933,504702
57934,658247
57935,189193
57936,655385
57937,421367
57938,311141
57939,914834
57940,637060
57941,317637
57942,728335
57943,532300
57944,284806
57945,560618
57946,852456
57947,543683
57948,663603
57949,664947
57950,641930
57951,15487
57952,299992
57953,349560
57954,405043
57955,-63968
57956,330907
57957,685974
57958,19964
57959,654886
57960,715288
57961,494542
57962,732862
57963,704250
57964,659999
57965,161606
57966,461116
57967,516312
57968,347110
57969,651374
57970,751668
57971,339355
57972,363230
57973,673281
57974,722053
57975,202914
57976,403192
57977,718380
57978,184740
57979,697696
57980,380216
57981,792192
57982,595541
57983,367129
57984,51905
57985,64125
57986,770535
57987,156027
57988,678326
57989,317014
57990,295409
57991,567530
57992,787104
57993,518177
57994,335223
57995,350222
57996,356673
57997,783607
57998,643658
57999,578196
58000,275397
58001,760628
58002,392359
58003,495980
58004,316882
58005,232486
58006,311190
58007,260417
58008,299829
58009,655578
58010,398861
58011,727374
58012,57051
58013,637361
58014,701263
58015,88546
58016,631163
58017,420971
58018,240516
58019,281229
58020,73237
58021,567225
58022,515784
58023,63926
58024,389599
58025,587300
58026,804271
58027,725262
58028,319375
58029,641834
58030,640029
58031,774021
58032,358456
58033,15142
58034,898045
58035,209403
58036,335272
58037,187080
58038,-119220
58039,925955
58040,255714
58041,358196
58042,506138
58043,796228
58044,763889
58045,-19971
58046,442865
58047,776336
58048,211334
58049,-22564
58050,729657
58051,213676
58052,138702
58053,588371
58054,274435
58055,435430
58056,292174
58057,795664
58058,104572
58059,-68811
58060,724051
58061,281585
58062,851770
58063,689850
58064,241571
58065,342878
58066,795479
58067,230907
58068,461397
58069,586976
58070,511971
58071,381679
58072,350266
58073,259513
58074,291968
58075,823254
58076,691478
58077,548603
58078,619401
58079,246862
58080,590144
58081,419170
58082,393018
58083,665147
58084,604322
58085,114625
58086,729755
58087,319806
58088,398393
58089,490710
58090,763105
58091,714335
58092,413372
58093,861353
58094,514869
58095,94304
58096,325166
58097,730333
58098,155319
58099,477582
58100,210660
58101,476132
58102,191369
58103,475744
58104,493068
58105,704454
58106,854014
58107,676057
58108,320314
58109,687537
58110,390781
58111,723699
58112,327756
58113,811317
58114,602728
58115,698177
58116,317383
58117,709653
58118,624874
58119,656076
58120,392044
58121,754953
58122,803171
58123,163901
58124,643703
58125,533118
58126,-43079
58127,-64093
58128,821011
58129,464123
58130,240165
58131,835433
58132,178973
58133,30165
58134,323406
58135,228791
58136,591700
58137,501629
58138,701653
58139,848906
58140,535821
58141,435734
58142,382268
58143,-97267
58144,278032
58145,280096
58146,398176
58147,174959
58148,566120
58149,266261
58150,415726
58151,167025
58152,330930
58153,809602
58154,329372
58155,627806
58156,276825
58157,358297
58158,512244
58159,63494
58160,725298
58161,468018
58162,459737
58163,144879
58164,324375
58165,248787
58166,823178
58167,209618
58168,820784
58169,421229
58170,223730
58171,656955
58172,847375
58173,-55917
58174,665977
58175,367100
58176,659210
58177,42165
58178,277105
58179,341810
58180,383608
58181,315606
58182,705284
58183,264057
58184,640557
58185,228660
58186,907552
58187,474135
58188,417004
58189,485662
58190,414912
58191,517388
58192,656336
58193,542127
58194,619853
58195,469762
58196,188244
58197,755900
58198,720730
58199,353754
58200,265360
58201,338399
58202,103177
58203,762134
58204,256759
58205,264499
58206,365133
58207,925453
58208,864275
58209,459374
58210,-174453
58211,643835
58212,325868
58213,333506
58214,359700
58215,-17575
58216,927399
58217,733753
58218,278821
58219,227997
58220,820653
58221,334516
58222,212437
58223,-16671
58224,469972
58225,606982
58226,237714
58227,706777
58228,353005
58229,247538
58230,525788
58231,595926
58232,107360
58233,180941
58234,358975
58235,93989
58236,214741
58237,761691
58238,536484
58239,390242
58240,411632
58241,312950
58242,775069
58243,473699
58244,182567
58245,821702
58246,587177
58247,640534
58248,799223
58249,115313
58250,524915
58251,443156
58252,652059
58253,749860
58254,95145
58255,326445
58256,716211
58257,155315
58258,347198
58259,126336
58260,373302
58261,483873
58262,380383
58263,606781
58264,599311
58265,639305
58266,427859
58267,127635
58268,339153
58269,552671
58270,724583
58271,470362
58272,-101823
58273,781836
58274,377755
58275,750465
58276,550142
58277,285989
58278,671103
58279,703807
58280,555653
58281,62391
58282,760257
58283,-36030
58284,174813
58285,676024
58286,743533
58287,54235
58288,440697
58289,850044
58290,-108862
58291,879346
58292,822839
58293,761573
58294,618370
58295,624545
58296,274235
58297,683384
58298,300130
58299,260713
58300,116830
58301,466468
58302,328275
58303,729129
58304,-74860
58305,432031
58306,202121
58307,502498
58308,386624
58309,413893
58310,902763
58311,160338
58312,444219
58313,195730
58314,662721
58315,442600
58316,726034
58317,285090
58318,846842
58319,635484
58320,647431
58321,846217
58322,707222
58323,547791
58324,691024
58325,294489
58326,592218
58327,754176
58328,367961
58329,694096
58330,309601
58331,130943
58332,375029
58333,776745
58334,535881
58335,773705
58336,373501
58337,708447
58338,551272
58339,691372
58340,364072
58341,695424
58342,334925
58343,725203
58344,897356
58345,562415
58346,763322
58347,509577
58348,393997
58349,22333
58350,732512
58351,945597
58352,842125
58353,623654
58354,695449
58355,187126
58356,604372
58357,596646
58358,919433
58359,443705
58360,22717
58361,225078
58362,422299
58363,824620
58364,569770
58365,878089
58366,757482
58367,740153
58368,449488
58369,374585
58370,501405
58371,393923
58372,834318
58373,273696
58374,609346
58375,234990
58376,310491
58377,101906
58378,401157
58379,316465
58380,271922
58381,719012
58382,926140
58383,381025
58384,752674
58385,782602
58386,379257
58387,361556
58388,663328
58389,282894
58390,349536
58391,472999
58392,621625
58393,548975
58394,740426
58395,285437
58396,286825
58397,696459
58398,461405
58399,514610
58400,879009
58401,211892
58402,375853
58403,287343
58404,483586
58405,235279
58406,236392
58407,484547
58408,271731
58409,516833
58410,190533
58411,665117
58412,330939
58413,216384
58414,822463
58415,425609
58416,295482
58417,273481
58418,228618
58419,512138
58420,683639
58421,802208
58422,598726
58423,318658
58424,396815
58425,116635
58426,674861
58427,229935
58428,644455
58429,624789
58430,315409
58431,652073
58432,609718
58433,558474
58434,769823
58435,103567
58436,683675
58437,468413
58438,444506
58439,44139
58440,795189
58441,658542
58442,333394
58443,669360
58444,431469
58445,360907
58446,159012
58447,14501
58448,658442
58449,188337
58450,368081
58451,20313
58452,253193
58453,456978
58454,579401
58455,164778
58456,800978
58457,376894
58458,638968
58459,713759
58460,844718
58461,344520
58462,690440
58463,185279
58464,433206
58465,454797
58466,334842
58467,202979
58468,279457
58469,352512
58470,-138073
58471,613113
58472,97999
58473,902497
58474,647761
58475,496939
58476,349689
58477,380463
58478,682805
58479,129465
58480,332616
58481,462678
58482,708816
58483,818047
58484,650513
58485,569750
58486,201632
58487,425755
58488,930297
58489,183252
58490,344676
58491,247954
58492,627703
58493,790095
58494,-13207
58495,817072
58496,781257
58497,395131
58498,362801
58499,436355
58500,300616
58501,303067
58502,207850
58503,657120
58504,648462
58505,617934
58506,338453
58507,329236
58508,261698
58509,394921
58510,367149
58511,807514
58512,699244
58513,166426
58514,612608
58515,270871
58516,699386
58517,447128
58518,419200
58519,-258990
58520,-60145
58521,603878
58522,106001
58523,244398
58524,352599
58525,260035
58526,866487
58527,209587
58528,182850
58529,274609
58530,783672
58531,433975
58532,328880
58533,387602
58534,164914
58535,480195
58536,328233
58537,403329
58538,640829
58539,284815
58540,412141
58541,831820
58542,14201
58543,829339
58544,478127
58545,944680
58546,275508
58547,608532
58548,546958
58549,541761
58550,774862
58551,47945
58552,642727
58553,288249
58554,377935
58555,332813
58556,858067
58557,840451
58558,578357
58559,250294
58560,207931
58561,618033
58562,449598
58563,583025
58564,48079
58565,537783
58566,451892
58567,237493
58568,353777
58569,390599
58570,62862
58571,504216
58572,322451
58573,150972
58574,256638
58575,409248
58576,320351
58577,571011
58578,35198
58579,445311
58580,121240
58581,-21493
58582,317220
58583,71672
58584,882030
58585,818296
58586,296229
58587,307319
58588,264837
58589,564204
58590,26733
58591,343229
58592,46947
58593,92502
58594,447999
58595,285607
58596,212084
58597,557771
58598,858482
58599,64437
58600,126226
58601,728116
58602,913295
58603,210764
58604,164994
58605,382018
58606,269650
58607,290943
58608,838217
58609,655938
58610,894567
58611,646118
58612,715325
58613,684862
58614,274000
58615,693200
58616,684966
58617,658632
58618,552652
58619,808308
58620,734744
58621,205515
58622,368642
58623,339678
58624,175849
58625,477931
58626,845146
58627,259649
58628,-36930
58629,793524
58630,801549
58631,369524
58632,598606
58633,192707
58634,879037
58635,655796
58636,674266
58637,498065
58638,610986
58639,524912
58640,379111
58641,297183
58642,787310
58643,616016
58644,89963
58645,275493
58646,845624
58647,368335
58648,619979
58649,261131
58650,670747
58651,85955
58652,622387
58653,247980
58654,779645
58655,447648
58656,841879
58657,244306
58658,39945
58659,219339
58660,456638
58661,635034
58662,737333
58663,643730
58664,236820
58665,205215
58666,745667
58667,183271
58668,401822
58669,391640
58670,448609
58671,132968
58672,535161
58673,-29664
58674,347094
58675,443642
58676,205453
58677,334386
58678,810031
58679,337527
58680,575640
58681,836738
58682,724320
58683,826554
58684,504104
58685,342422
58686,910864
58687,437801
58688,895362
58689,466072
58690,506195
58691,90125
58692,9460
58693,662808
58694,47530
58695,624418
58696,-121663
58697,665050
58698,776000
58699,29012
58700,694531
58701,715480
58702,213616
58703,213866
58704,354790
58705,668239
58706,288227
58707,640865
58708,446290
58709,606088
58710,672508
58711,794507
58712,631222
58713,619729
58714,288093
58715,731119
58716,766200
58717,426542
58718,612020
58719,742393
58720,781524
58721,-48889
58722,266077
58723,341390
58724,740356
58725,303973
58726,725608
58727,428362
58728,386520
58729,711098
58730,487746
58731,223938
58732,472738
58733,717807
58734,-13041
58735,262180
58736,657133
58737,286176
58738,-3239
58739,704146
58740,413671
58741,116307
58742,381605
58743,328973
58744,192555
58745,312595
58746,690682
58747,824266
58748,509139
58749,232329
58750,272151
58751,394581
58752,356691
58753,711009
58754,842926
58755,316261
58756,11328
58757,374435
58758,338880
58759,699809
58760,116456
58761,416802
58762,690812
58763,695727
58764,869441
58765,316273
58766,457828
58767,373744
58768,336742
58769,702997
58770,69345
58771,537475
58772,213163
58773,274252
58774,862861
58775,168510
58776,315423
58777,104338
58778,217681
58779,725406
58780,709553
58781,704198
58782,558253
58783,399577
58784,735367
58785,586367
58786,403616
58787,641640
58788,238728
58789,795052
58790,48278
58791,725597
58792,301553
58793,939293
58794,736324
58795,934677
58796,261026
58797,438869
58798,103354
58799,627074
58800,294767
58801,16710
58802,592645
58803,261446
58804,685393
58805,703730
58806,607444
58807,238592
58808,556433
58809,345149
58810,577209
58811,-163554
58812,740587
58813,737029
58814,388421
58815,456902
58816,624383
58817,668599
58818,289864
58819,90686
58820,178090
58821,454748
58822,739434
58823,778770
58824,377620
58825,823114
58826,802160
58827,466015
58828,884871
58829,777191
58830,504363
58831,366390
58832,375658
58833,541441
58834,306016
58835,841947
58836,866768
58837,416988
58838,705758
58839,765052
58840,334788
58841,21819
58842,251868
58843,24565
58844,276534
58845,294487
58846,368575
58847,654669
58848,595249
58849,785352
58850,284113
58851,3963
58852,428091
58853,712962
58854,945033
58855,424436
58856,731711
58857,195410
58858,557775
58859,252761
58860,331897
58861,302569
58862,395295
58863,401579
58864,426293
58865,299194
58866,446962
58867,470335
58868,738519
58869,459549
58870,702754
58871,528340
58872,297939
58873,665555
58874,28631
58875,79436
58876,228313
58877,652961
58878,759968
58879,577525
58880,865409
58881,74728
58882,340238
58883,134009
58884,882455
58885,772508
58886,661894
58887,358754
58888,564579
58889,424544
58890,568154
58891,897966
58892,598495
58893,732323
58894,190245
58895,564718
58896,741763
58897,349262
58898,800217
58899,237503
58900,644663
58901,599998
58902,815406
58903,668611
58904,686584
58905,115580
58906,149787
58907,148859
58908,229794
58909,138001
58910,562472
58911,-11597
58912,341710
58913,540119
58914,753935
58915,238352
58916,578166
58917,396145
58918,755503
58919,576689
58920,870371
58921,487647
58922,802820
58923,830882
58924,720945
58925,626835
58926,444268
58927,188557
58928,736202
58929,259948
58930,602585
58931,656637
58932,705553
58933,26380
58934,-65820
58935,-46317
58936,217947
58937,419058
58938,696374
58939,286222
58940,497543
58941,433025
58942,189692
58943,601436
58944,231624
58945,648382
58946,740254
58947,788740
58948,694313
58949,273620
58950,784472
58951,607399
58952,876455
58953,422449
58954,763866
58955,155271
58956,481396
58957,278440
58958,359964
58959,667631
58960,160158
58961,656809
58962,315393
58963,107224
58964,915622
58965,768105
58966,443804
58967,136560
58968,618428
58969,741610
58970,367660
58971,339781
58972,347841
58973,817018
58974,428862
58975,808844
58976,141874
58977,171308
58978,737167
58979,730464
58980,328011
58981,664553
58982,824087
58983,290142
58984,191624
58985,305701
58986,270752
58987,737934
58988,686915
58989,524724
58990,322318
58991,684139
58992,636517
58993,711519
58994,537994
58995,309852
58996,256157
58997,265271
58998,714421
58999,346292
59000,154189
59001,800182
59002,227494
59003,47712
59004,270619
59005,434589
59006,776730
59007,162349
59008,203807
59009,595971
59010,333701
59011,704635
59012,860833
59013,41286
59014,127199
59015,551659
59016,671989
59017,783504
59018,521954
59019,736820
59020,796180
59021,761829
59022,545565
59023,239193
59024,645531
59025,853515
59026,610684
59027,668558
59028,202671
59029,483479
59030,615600
59031,848948
59032,281820
59033,230399
59034,322986
59035,380341
59036,312830
59037,223047
59038,595998
59039,542792
59040,242319
59041,301760
59042,522655
59043,827908
59044,572934
59045,336691
59046,278727
59047,589252
59048,381569
59049,632879
59050,844359
59051,328435
59052,-125174
59053,310043
59054,255382
59055,362051
59056,761753
59057,724377
59058,441991
59059,246481
59060,865183
59061,266627
59062,951079
59063,286595
59064,662460
59065,378125
59066,464815
59067,176650
59068,754165
59069,320692
59070,134461
59071,841113
59072,565043
59073,544176
59074,734753
59075,297376
59076,192892
59077,566300
59078,661529
59079,750248
59080,555848
59081,291219
59082,386267
59083,349666
59084,585922
59085,269910
59086,357145
59087,193933
59088,741891
59089,864315
59090,565465
59091,372211
59092,-27766
59093,330673
59094,528205
59095,271559
59096,495530
59097,905481
59098,720157
59099,66697
59100,98869
59101,386728
59102,274826
59103,279089
59104,126395
59105,394400
59106,459994
59107,447275
59108,776155
59109,577606
59110,319171
59111,183444
59112,385111
59113,661752
59114,793292
59115,170908
59116,309316
59117,595623
59118,279002
59119,793259
59120,234409
59121,546327
59122,637918
59123,439886
59124,582291
59125,869767
59126,98124
59127,656212
59128,319441
59129,661984
59130,100921
59131,820747
59132,439443
59133,731223
59134,64414
59135,820691
59136,317406
59137,535138
59138,315908
59139,388009
59140,793451
59141,699884
59142,747618
59143,738546
59144,569987
59145,901663
59146,392619
59147,80168
59148,756975
59149,683861
59150,560238
59151,292992
59152,453348
59153,522477
59154,878186
59155,173503
59156,613706
59157,224287
59158,762989
59159,295799
59160,283256
59161,307742
59162,289051
59163,367244
59164,350495
59165,273016
59166,751315
59167,497274
59168,565601
59169,-94790
59170,236118
59171,497574
59172,165775
59173,214479
59174,735736
59175,605466
59176,647627
59177,782948
59178,521041
59179,791579
59180,363472
59181,168709
59182,203216
59183,500760
59184,818589
59185,833662
59186,680827
59187,495276
59188,252554
59189,792670
59190,450390
59191,285451
59192,288684
59193,301018
59194,751422
59195,176421
59196,314344
59197,607429
59198,549621
59199,747229
59200,655715
59201,722470
59202,303633
59203,17298
59204,821803
59205,179625
59206,351150
59207,36932
59208,766635
59209,372887
59210,315857
59211,590624
59212,604653
59213,61276
59214,383837
59215,619198
59216,733021
59217,278467
59218,316377
59219,647119
59220,235220
59221,374314
59222,441983
59223,407397
59224,808106
59225,735096
59226,647389
59227,763121
59228,752419
59229,902768
59230,898163
59231,990827
59232,-15800
59233,683207
59234,882944
59235,31097
59236,498164
59237,591469
59238,837629
59239,698128
59240,363931
59241,839921
59242,211461
59243,477467
59244,294411
59245,682377
59246,239944
59247,827100
59248,92580
59249,756984
59250,273425
59251,319784
59252,545672
59253,530554
59254,676834
59255,933279
59256,240888
59257,785475
59258,412154
59259,487801
59260,648390
59261,566149
59262,666283
59263,499549
59264,607672
59265,721156
59266,473389
59267,576262
59268,135786
59269,313214
59270,820119
59271,244919
59272,642888
59273,383536
59274,454218
59275,673634
59276,185508
59277,850282
59278,117000
59279,331610
59280,549543
59281,680320
59282,902239
59283,320353
59284,806060
59285,432767
59286,448730
59287,647361
59288,475263
59289,613089
59290,581039
59291,389812
59292,707365
59293,180482
59294,341497
59295,591913
59296,528265
59297,662035
59298,742659
59299,167973
59300,578932
59301,200644
59302,522888
59303,343579
59304,811621
59305,656807
59306,406953
59307,575737
59308,579939
59309,394724
59310,327119
59311,421450
59312,432153
59313,567880
59314,535504
59315,745810
59316,538663
59317,788582
59318,167835
59319,568424
59320,623074
59321,579076
59322,738511
59323,196436
59324,332048
59325,145243
59326,61680
59327,-37838
59328,77389
59329,727841
59330,460275
